timestamp,event_type,gpu_id,availability_duration
0,add,node1,4384.338
0,add,node2,5012.662
0,add,node3,254.484
0,add,node4,1330.54
0,add,node5,6606.755
0,add,node6,9742.914
0,add,node7,2397.654
0,add,node8,11848.793
0,add,node9,7220.676
0,add,node10,1469.918
0,add,node11,4815.497
0,add,node12,2782.7
0,add,node13,1408.865
0,add,node14,8509.41
0,add,node15,16971.267
0,add,node16,1796.643
0,add,node17,675.229
0,add,node18,5427.393
254484,remove,node3,254.484
675229,remove,node17,675.229
1140000,add,node3,254.484
1140000,add,node17,675.229
1140000,add,node19,410.829
1140000,add,node20,1078.659
1320000,add,node21,4431.513
1320000,add,node22,5112.476
1320000,add,node23,7463.662
1320000,add,node24,4672.406
1320000,add,node25,12791.206
1320000,add,node26,9043.4
1320000,add,node27,3240.612
1320000,add,node28,2827.308
1320000,add,node29,15578.053
1320000,add,node30,2708.805
1320000,add,node31,10733.242
1320000,add,node32,9639.579
1320000,add,node33,4628.733
1320000,add,node34,13314.088
1320000,add,node35,776.276
1320000,add,node36,818.598
1320000,add,node37,6873.144
1320000,add,node38,11713.204
1320000,add,node39,1240.656
1320000,add,node40,2140.044
1320000,add,node41,6405.466
1320000,add,node42,1276.242
1320000,add,node43,6870.856
1320000,add,node44,4075.084
1320000,add,node45,6533.516
1320000,add,node46,4441.317
1320000,add,node47,371.661
1320000,add,node48,1731.079
1320000,add,node49,5068.222
1320000,add,node50,949.081
1320000,add,node51,4207.46
1320000,add,node52,1079.704
1320000,add,node53,443.889
1320000,add,node54,1381.514
1320000,add,node55,3616.127
1320000,add,node56,11191.37
1320000,add,node57,15245.1
1320000,add,node58,3976.433
1320000,add,node59,3802.434
1320000,add,node60,5885.462
1320000,add,node61,2545.887
1320000,add,node62,927.889
1320000,add,node63,430.857
1320000,add,node64,5890.685
1320000,add,node65,9154.035
1320000,add,node66,6371.063
1320000,add,node67,6093.656
1320000,add,node68,3443.857
1320000,add,node69,6164.784
1320000,add,node70,1616.898
1320000,add,node71,6214.356
1320000,add,node72,4531.716
1330540,remove,node4,1330.54
1408865,remove,node13,1408.865
1469918,remove,node10,1469.918
1550829,remove,node19,410.829
1691661,remove,node47,371.661
1750857,remove,node63,430.857
1763889,remove,node53,443.889
1796643,remove,node16,1796.643
2096276,remove,node35,776.276
2138598,remove,node36,818.598
2218659,remove,node20,1078.659
2247889,remove,node62,927.889
2269081,remove,node50,949.081
2397654,remove,node7,2397.654
2399704,remove,node52,1079.704
2520000,add,node4,1330.54
2560656,remove,node39,1240.656
2596242,remove,node42,1276.242
2701514,remove,node54,1381.514
2782700,remove,node12,2782.7
2936898,remove,node70,1616.898
3051079,remove,node48,1731.079
3460044,remove,node40,2140.044
3540000,add,node7,2397.654
3540000,add,node10,1469.918
3540000,add,node12,2782.7
3540000,add,node13,1408.865
3540000,add,node16,1796.643
3540000,add,node19,410.829
3540000,add,node20,1078.659
3540000,add,node35,776.276
3540000,add,node36,818.598
3540000,add,node39,1240.656
3540000,add,node40,2140.044
3540000,add,node42,1276.242
3668577,remove,node42,1276.242
3865887,remove,node61,2545.887
3948408,remove,node19,410.829
4028805,remove,node30,2708.805
4147308,remove,node28,2827.308
4189439,remove,node35,776.276
4384338,remove,node1,4384.338
4560612,remove,node27,3240.612
4763857,remove,node68,3443.857
4815497,remove,node11,4815.497
4936127,remove,node55,3616.127
5012662,remove,node2,5012.662
5100000,add,node1,4384.338
5100000,add,node2,5012.662
5100000,add,node11,4815.497
5100000,add,node19,410.829
5100000,add,node27,3240.612
5113645,remove,node12,2782.7
5122434,remove,node59,3802.434
5296433,remove,node58,3976.433
5300001,remove,node16,1796.643
5395084,remove,node44,4075.084
5427393,remove,node18,5427.393
5527460,remove,node51,4207.46
5540538,remove,node17,675.229
5580000,add,node12,2782.7
5580000,add,node16,1796.643
5580000,add,node17,675.229
5700000,add,node18,5427.393
5700000,add,node28,2827.308
5700000,add,node30,2708.805
5700000,add,node35,776.276
5700000,add,node42,1276.242
5700000,add,node44,4075.084
5700000,add,node47,371.661
5700000,add,node48,1731.079
5700000,add,node50,949.081
5700000,add,node51,4207.46
5700000,add,node52,1079.704
5700000,add,node53,443.889
5700000,add,node54,1381.514
5700000,add,node55,3616.127
5700000,add,node58,3976.433
5700000,add,node59,3802.434
5700000,add,node61,2545.887
5700000,add,node62,927.889
5700000,add,node63,430.857
5700000,add,node68,3443.857
5700000,add,node70,1616.898
5700000,add,node73,2871.793
5700000,add,node74,2820.965
5700000,add,node75,1510.375
5700000,add,node76,21354.975
5700000,add,node77,212.744
5700000,add,node78,4743.372
5700000,add,node79,4894.849
5700000,add,node80,609.466
5751513,remove,node21,4431.513
5761317,remove,node46,4441.317
5851716,remove,node72,4531.716
5871733,remove,node13,1408.865
5912744,remove,node77,212.744
5948733,remove,node33,4628.733
5992406,remove,node24,4672.406
6309466,remove,node80,609.466
6388222,remove,node49,5068.222
6432476,remove,node22,5112.476
6551528,remove,node40,2140.044
6606755,remove,node5,6606.755
6729043,remove,node17,675.229
7205462,remove,node60,5885.462
7210375,remove,node75,1510.375
7210685,remove,node64,5890.685
7220676,remove,node9,7220.676
7248076,remove,node53,443.889
7413656,remove,node67,6093.656
7484784,remove,node69,6164.784
7534356,remove,node71,6214.356
7544492,remove,node48,1731.079
7554487,remove,node62,927.889
7620000,add,node5,6606.755
7620000,add,node9,7220.676
7691063,remove,node66,6371.063
7712728,remove,node7,2397.654
7725466,remove,node41,6405.466
7747225,remove,node3,254.484
7798647,remove,node27,3240.612
7825683,remove,node16,1796.643
7853516,remove,node45,6533.516
8190856,remove,node43,6870.856
8193144,remove,node37,6873.144
8423770,remove,node9,7220.676
8476609,remove,node18,5427.393
8509410,remove,node14,8509.41
8520965,remove,node74,2820.965
8521804,remove,node61,2545.887
8571793,remove,node73,2871.793
8628318,remove,node58,3976.433
8700000,add,node3,254.484
8700000,add,node7,2397.654
8700000,add,node9,7220.676
8700000,add,node13,1408.865
8700000,add,node14,8509.41
8700000,add,node16,1796.643
8700000,add,node17,675.229
8700000,add,node18,5427.393
8700000,add,node21,4431.513
8700000,add,node22,5112.476
8700000,add,node24,4672.406
8700000,add,node27,3240.612
8700000,add,node33,4628.733
8700000,add,node37,6873.144
8700000,add,node40,2140.044
8700000,add,node41,6405.466
8700000,add,node43,6870.856
8700000,add,node45,6533.516
8700000,add,node46,4441.317
8700000,add,node48,1731.079
8700000,add,node49,5068.222
8700000,add,node53,443.889
8783662,remove,node23,7463.662
8807471,remove,node42,1276.242
8824891,remove,node68,3443.857
8864029,remove,node52,1079.704
9015493,remove,node36,818.598
9087966,remove,node21,4431.513
9215309,remove,node40,2140.044
9263524,remove,node59,3802.434
9335182,remove,node39,1240.656
9540000,add,node21,4431.513
9540000,add,node23,7463.662
9540000,add,node36,818.598
9540000,add,node39,1240.656
9540000,add,node40,2140.044
9540000,add,node42,1276.242
9540000,add,node52,1079.704
9540000,add,node58,3976.433
9742914,remove,node6,9742.914
9885337,remove,node1,4384.338
10225957,remove,node52,1079.704
10363400,remove,node26,9043.4
10443372,remove,node78,4743.372
10474035,remove,node65,9154.035
10594849,remove,node79,4894.849
10605216,remove,node17,675.229
10748198,remove,node48,1731.079
10764320,remove,node7,2397.654
10846911,remove,node24,4672.406
10959579,remove,node32,9639.579
10980000,add,node1,4384.338
10980000,add,node6,9742.914
10980000,add,node7,2397.654
10980000,add,node17,675.229
10980000,add,node24,4672.406
10980000,add,node26,9043.4
10980000,add,node32,9639.579
10980000,add,node48,1731.079
10980000,add,node52,1079.704
10980000,add,node59,3802.434
10980000,add,node60,5885.462
10980000,add,node61,2545.887
10980000,add,node62,927.889
10980000,add,node64,5890.685
10980000,add,node65,9154.035
10980000,add,node66,6371.063
10980000,add,node67,6093.656
10980000,add,node68,3443.857
10980000,add,node69,6164.784
10980000,add,node71,6214.356
10980000,add,node72,4531.716
11004899,remove,node4,1330.54
11040000,remove,node48,1731.079
11040000,remove,node72,4531.716
11259003,remove,node21,4431.513
11548740,remove,node11,4815.497
11548972,remove,node14,8509.41
11817285,remove,node63,430.857
11848793,remove,node8,11848.793
11857636,remove,node19,410.829
11880000,add,node4,1330.54
11880000,add,node8,11848.793
11880000,add,node11,4815.497
11880000,add,node14,8509.41
11880000,add,node19,410.829
11880000,add,node21,4431.513
11880000,add,node48,1731.079
11882419,remove,node70,1616.898
11901565,remove,node40,2140.044
12004050,remove,node69,6164.784
12039978,remove,node58,3976.433
12047218,remove,node11,4815.497
12053242,remove,node31,10733.242
12120000,add,node11,4815.497
12120000,add,node31,10733.242
12120000,add,node40,2140.044
12120000,add,node58,3976.433
12120000,add,node63,430.857
12120000,add,node69,6164.784
12127083,remove,node2,5012.662
12243533,remove,node24,4672.406
12405522,remove,node26,9043.4
12511370,remove,node56,11191.37
12521260,remove,node53,443.889
12564413,remove,node35,776.276
12674730,remove,node63,430.857
12709794,remove,node32,9639.579
12733196,remove,node52,1079.704
12762776,remove,node54,1381.514
13033204,remove,node38,11713.204
13092737,remove,node43,6870.856
13140288,remove,node28,2827.308
13195052,remove,node47,371.661
13200000,add,node2,5012.662
13200000,add,node24,4672.406
13200000,add,node26,9043.4
13200000,add,node28,2827.308
13200000,add,node32,9639.579
13200000,add,node35,776.276
13200000,add,node38,11713.204
13314500,remove,node35,776.276
13345061,remove,node5,6606.755
13429979,remove,node46,4441.317
13431574,remove,node4,1330.54
13432069,remove,node65,9154.035
13669351,remove,node51,4207.46
13822755,remove,node13,1408.865
13838988,remove,node27,3240.612
14018944,remove,node66,6371.063
14111206,remove,node25,12791.206
14259707,remove,node17,675.229
14367659,remove,node26,9043.4
14634088,remove,node34,13314.088
14715276,remove,node64,5890.685
14727354,remove,node49,5068.222
14828744,remove,node21,4431.513
15042620,remove,node42,1276.242
15158940,remove,node50,949.081
15335152,remove,node48,1731.079
15469591,remove,node3,254.484
15783132,remove,node55,3616.127
15840000,add,node3,254.484
15840000,add,node4,1330.54
15865681,remove,node20,1078.659
15935172,remove,node58,3976.433
16365909,remove,node19,410.829
16406734,remove,node62,927.889
16554408,remove,node40,2140.044
16565100,remove,node57,15245.1
16680000,add,node5,6606.755
16680000,add,node13,1408.865
16680000,add,node17,675.229
16680000,add,node19,410.829
16680000,add,node20,1078.659
16898053,remove,node29,15578.053
16943995,remove,node67,6093.656
16971267,remove,node15,16971.267
16997607,remove,node23,7463.662
17093354,remove,node18,5427.393
17661509,remove,node6,9742.914
17679109,remove,node8,11848.793
17804894,remove,node69,6164.784
18110856,remove,node19,410.829
18364616,remove,node71,6214.356
18379405,remove,node36,818.598
18480000,add,node6,9742.914
18480000,add,node8,11848.793
18513350,remove,node60,5885.462
18530521,remove,node30,2708.805
18698968,remove,node28,2827.308
19014136,remove,node16,1796.643
19091033,remove,node13,1408.865
19260000,add,node13,1408.865
19260000,add,node15,16971.267
19260000,add,node16,1796.643
19260000,add,node18,5427.393
19260000,add,node19,410.829
19260000,add,node21,4431.513
19260000,add,node23,7463.662
19411245,remove,node4,1330.54
19508077,remove,node3,254.484
19798753,remove,node2,5012.662
19800000,add,node2,5012.662
19849703,remove,node5,6606.755
19916243,remove,node31,10733.242
19988563,remove,node68,3443.857
20160000,add,node3,254.484
20160000,add,node4,1330.54
20160000,add,node5,6606.755
20160000,add,node25,12791.206
20160000,add,node26,9043.4
20160000,add,node27,3240.612
20160000,add,node28,2827.308
20160000,add,node29,15578.053
20186338,remove,node22,5112.476
20359794,remove,node44,4075.084
20376333,remove,node3,254.484
20621754,remove,node24,4672.406
20632054,remove,node15,16971.267
20694404,remove,node39,1240.656
21059181,remove,node19,410.829
21239318,remove,node18,5427.393
21324396,remove,node9,7220.676
21360436,remove,node33,4628.733
21420000,add,node3,254.484
21420000,add,node9,7220.676
21420000,add,node15,16971.267
21420000,add,node18,5427.393
21480000,add,node19,410.829
21480000,add,node22,5112.476
21480000,add,node24,4672.406
21480000,add,node30,2708.805
21480000,add,node31,10733.242
21758930,remove,node14,8509.41
21954957,remove,node16,1796.643
21959487,remove,node17,675.229
22003000,remove,node10,1469.918
22045544,remove,node38,11713.204
22384380,remove,node41,6405.466
22596639,remove,node4,1330.54
22702932,remove,node1,4384.338
22980000,add,node1,4384.338
23005187,remove,node12,2782.7
23040000,add,node4,1330.54
23040000,add,node10,1469.918
23340630,remove,node18,5427.393
23428150,remove,node25,12791.206
23611799,remove,node45,6533.516
23700000,add,node12,2782.7
23808150,remove,node3,254.484
23820000,add,node3,254.484
23820000,add,node14,8509.41
23820000,add,node16,1796.643
23820000,add,node17,675.229
23820000,add,node18,5427.393
23848212,remove,node32,9639.579
23922895,remove,node7,2397.654
24006875,remove,node61,2545.887
24288291,remove,node12,2782.7
24627300,remove,node19,410.829
24827056,remove,node59,3802.434
24984106,remove,node10,1469.918
25020000,add,node7,2397.654
25020000,add,node10,1469.918
25020000,add,node12,2782.7
25020000,add,node19,410.829
25020000,add,node25,12791.206
25020000,add,node32,9639.579
25020000,add,node33,4628.733
25020000,add,node34,13314.088
25020000,add,node35,776.276
25020000,add,node36,818.598
25020000,add,node38,11713.204
25020000,add,node39,1240.656
25020000,add,node40,2140.044
25020000,add,node41,6405.466
25020000,add,node42,1276.242
25020000,add,node43,6870.856
25020000,add,node44,4075.084
25020000,add,node45,6533.516
25020000,add,node46,4441.317
25020000,add,node47,371.661
25020000,add,node48,1731.079
25020000,add,node49,5068.222
25020000,add,node50,949.081
25020000,add,node51,4207.46
25020000,add,node52,1079.704
25020000,add,node53,443.889
25020000,add,node54,1381.514
25020000,add,node55,3616.127
25020000,add,node56,11191.37
25020000,add,node57,15245.1
25020000,add,node58,3976.433
25020000,add,node59,3802.434
25020000,add,node60,5885.462
25020000,add,node61,2545.887
25020000,add,node62,927.889
25020000,add,node63,430.857
25020000,add,node64,5890.685
25020000,add,node65,9154.035
25020000,add,node66,6371.063
25020000,add,node67,6093.656
25020000,add,node68,3443.857
25020000,add,node69,6164.784
25020000,add,node70,1616.898
25020000,add,node71,6214.356
25020000,add,node72,4531.716
25020000,add,node73,2871.793
25020000,add,node74,2820.965
25020000,add,node75,1510.375
25020000,add,node77,212.744
25020000,add,node78,4743.372
25020000,add,node79,4894.849
25020000,add,node80,609.466
25020000,add,node81,10686.97
25020000,add,node82,6578.94
25020000,add,node83,3990.88
25020000,add,node84,3624.594
25020000,add,node85,945.454
25020000,add,node86,3610.142
25020000,add,node87,3535.567
25020000,add,node88,3913.897
25020000,add,node89,2371.976
25079962,remove,node2,5012.662
25164396,remove,node6,9742.914
25236641,remove,node26,9043.4
25425728,remove,node14,8509.41
25816929,remove,node17,675.229
25822121,remove,node55,3616.127
25961048,remove,node35,776.276
25965454,remove,node85,945.454
25987915,remove,node64,5890.685
26015549,remove,node73,2871.793
26433570,remove,node15,16971.267
26435134,remove,node38,11713.204
26530336,remove,node63,430.857
26640641,remove,node75,1510.375
26769991,remove,node67,6093.656
26797329,remove,node66,6371.063
26861805,remove,node27,3240.612
26940000,add,node2,5012.662
27054975,remove,node76,21354.975
27202974,remove,node48,1731.079
27239709,remove,node21,4431.513
27243307,remove,node43,6870.856
27338211,remove,node49,5068.222
27391976,remove,node89,2371.976
27464660,remove,node47,371.661
27545742,remove,node25,12791.206
27645459,remove,node12,2782.7
27700894,remove,node2,5012.662
27832210,remove,node31,10733.242
27889210,remove,node10,1469.918
27900000,add,node2,5012.662
27900000,add,node6,9742.914
27900000,add,node10,1469.918
27900000,add,node12,2782.7
27900000,add,node14,8509.41
27900000,add,node15,16971.267
27944050,remove,node13,1408.865
27995297,remove,node54,1381.514
28049804,remove,node32,9639.579
28196292,remove,node12,2782.7
28203994,remove,node34,13314.088
28521850,remove,node77,212.744
28555567,remove,node87,3535.567
28630142,remove,node86,3610.142
28644594,remove,node84,3624.594
28652077,remove,node41,6405.466
28688149,remove,node50,949.081
28898764,remove,node39,1240.656
28906091,remove,node3,254.484
28933897,remove,node88,3913.897
28992503,remove,node69,6164.784
29010880,remove,node83,3990.88
29224897,remove,node72,4531.716
29339745,remove,node30,2708.805
29467146,remove,node57,15245.1
29581976,remove,node62,927.889
29891868,remove,node29,15578.053
30037046,remove,node36,818.598
30129747,remove,node80,609.466
30265968,remove,node51,4207.46
30337650,remove,node6,9742.914
30359280,remove,node22,5112.476
30361110,remove,node4,1330.54
30514362,remove,node44,4075.084
30573736,remove,node18,5427.393
30635493,remove,node5,6606.755
30807251,remove,node8,11848.793
30836457,remove,node42,1276.242
30849640,remove,node28,2827.308
30882620,remove,node59,3802.434
30937409,remove,node9,7220.676
30960000,add,node3,254.484
31089808,remove,node60,5885.462
31277350,remove,node68,3443.857
31377299,remove,node1,4384.338
31598940,remove,node82,6578.94
31627608,remove,node45,6533.516
31757625,remove,node33,4628.733
31860000,add,node1,4384.338
31860000,add,node4,1330.54
31860000,add,node5,6606.755
31860000,add,node6,9742.914
31860000,add,node8,11848.793
31860000,add,node9,7220.676
31860000,add,node12,2782.7
31997613,remove,node71,6214.356
32097215,remove,node70,1616.898
32118963,remove,node11,4815.497
32360712,remove,node37,6873.144
32436574,remove,node58,3976.433
32564242,remove,node5,6606.755
32643205,remove,node19,410.829
33415043,remove,node24,4672.406
33573115,remove,node7,2397.654
33600000,add,node5,6606.755
33720000,add,node7,2397.654
33720000,add,node11,4815.497
33720000,add,node13,1408.865
33720000,add,node17,675.229
33720000,add,node18,5427.393
33720000,add,node19,410.829
33720000,add,node21,4431.513
33720000,add,node22,5112.476
33720000,add,node24,4672.406
33720000,add,node25,12791.206
33720000,add,node26,9043.4
33720000,add,node27,3240.612
33720000,add,node28,2827.308
33720000,add,node29,15578.053
33720000,add,node30,2708.805
33720000,add,node31,10733.242
33720000,add,node32,9639.579
33720000,add,node33,4628.733
33720000,add,node34,13314.088
33720000,add,node35,776.276
33720000,add,node36,818.598
33780000,remove,node22,5112.476
33911377,remove,node20,1078.659
33950783,remove,node8,11848.793
33963048,remove,node35,776.276
34014335,remove,node23,7463.662
34027656,remove,node13,1408.865
34389799,remove,node46,4441.317
34421351,remove,node56,11191.37
34429372,remove,node1,4384.338
34534663,remove,node34,13314.088
34560000,add,node1,4384.338
34560000,add,node8,11848.793
34560000,add,node13,1408.865
34560000,add,node20,1078.659
34786229,remove,node19,410.829
34905305,remove,node13,1408.865
35367564,remove,node26,9043.4
35706970,remove,node81,10686.97
36180000,add,node13,1408.865
36180000,add,node19,410.829
36180000,add,node22,5112.476
36180000,add,node23,7463.662
36180000,add,node26,9043.4
36180000,add,node34,13314.088
36180000,add,node35,776.276
36180000,add,node37,6873.144
36180000,add,node38,11713.204
36180000,add,node39,1240.656
36180000,add,node41,6405.466
36180000,add,node42,1276.242
36180000,add,node43,6870.856
36180000,add,node44,4075.084
36180000,add,node45,6533.516
36240000,remove,node39,1240.656
36276586,remove,node9,7220.676
36456160,remove,node12,2782.7
36501092,remove,node52,1079.704
36537673,remove,node17,675.229
36571696,remove,node74,2820.965
36660000,add,node9,7220.676
36660000,add,node12,2782.7
36660000,add,node17,675.229
36660000,add,node39,1240.656
36660000,add,node46,4441.317
36660000,add,node47,371.661
36660000,add,node48,1731.079
36660000,add,node49,5068.222
36660000,add,node50,949.081
36660000,add,node51,4207.46
36660000,add,node52,1079.704
36660000,add,node54,1381.514
36660000,add,node55,3616.127
36660000,add,node56,11191.37
36660000,add,node57,15245.1
36660000,add,node58,3976.433
36660000,add,node59,3802.434
36660000,add,node60,5885.462
36660000,add,node62,927.889
36660000,add,node63,430.857
36660000,add,node64,5890.685
36660000,add,node66,6371.063
36660000,add,node67,6093.656
36660000,add,node68,3443.857
36660000,add,node69,6164.784
36660000,add,node70,1616.898
36660000,add,node71,6214.356
36660000,add,node72,4531.716
36660000,add,node73,2871.793
36660000,add,node74,2820.965
36660000,add,node75,1510.375
36720000,remove,node17,675.229
36727680,remove,node13,1408.865
36814487,remove,node9,7220.676
36882641,remove,node61,2545.887
36905503,remove,node33,4628.733
36939612,remove,node37,6873.144
37038112,remove,node71,6214.356
37160250,remove,node57,15245.1
37194920,remove,node16,1796.643
37216988,remove,node70,1616.898
37360527,remove,node36,818.598
37559693,remove,node32,9639.579
37605142,remove,node26,9043.4
37764314,remove,node78,4743.372
37860000,add,node9,7220.676
37966518,remove,node38,11713.204
37985854,remove,node2,5012.662
38280000,add,node2,5012.662
38280000,add,node13,1408.865
38280000,add,node16,1796.643
38280000,add,node17,675.229
38280000,add,node26,9043.4
38280000,add,node32,9639.579
38280000,add,node33,4628.733
38326335,remove,node10,1469.918
38449927,remove,node69,6164.784
38472587,remove,node44,4075.084
38520000,add,node10,1469.918
38520000,add,node36,818.598
38520000,add,node37,6873.144
38520000,add,node38,11713.204
38520000,add,node44,4075.084
38520000,add,node57,15245.1
38520000,add,node61,2545.887
38520000,add,node69,6164.784
38520000,add,node70,1616.898
38520000,add,node71,6214.356
38520000,add,node76,21354.975
38520000,add,node77,212.744
38520000,add,node78,4743.372
38520000,add,node80,609.466
38520000,add,node81,10686.97
38520000,add,node82,6578.94
38520000,add,node83,3990.88
38520000,add,node84,3624.594
38520000,add,node85,945.454
38520000,add,node86,3610.142
38520000,add,node87,3535.567
38520000,add,node88,3913.897
38520000,add,node89,2371.976
38520000,add,node90,2252.836
38520000,add,node91,4912.889
38520000,add,node92,671.452
38520000,add,node93,5836.004
38520000,add,node94,2751.742
38520000,add,node95,4862.666
38520000,add,node96,8994.215
38520000,add,node97,15818.101
38520000,add,node98,5689.622
38520000,add,node99,567.324
38520000,add,node100,3378.111
38520000,add,node101,2062.0
38520000,add,node102,8344.079
38520000,add,node103,8928.185
38520000,add,node104,5373.822
38520000,add,node105,3771.006
38520000,add,node106,1202.292
38636166,remove,node37,6873.144
38650259,remove,node13,1408.865
38651493,remove,node12,2782.7
38663192,remove,node25,12791.206
38681733,remove,node88,3913.897
38849987,remove,node84,3624.594
38880000,add,node12,2782.7
38880000,add,node13,1408.865
38880000,add,node25,12791.206
38880000,add,node37,6873.144
38880000,add,node84,3624.594
38880000,add,node88,3913.897
38880000,add,node107,3965.612
39087324,remove,node99,567.324
39114006,remove,node19,410.829
39120109,remove,node78,4743.372
39127951,remove,node60,5885.462
39187541,remove,node13,1408.865
39191452,remove,node92,671.452
39297554,remove,node54,1381.514
39305256,remove,node43,6870.856
39332136,remove,node27,3240.612
39341162,remove,node63,430.857
39348150,remove,node1,4384.338
39365785,remove,node40,2140.044
39369273,remove,node59,3802.434
39411087,remove,node23,7463.662
39430389,remove,node79,4894.849
39436333,remove,node44,4075.084
39442237,remove,node18,5427.393
39535482,remove,node49,5068.222
39552478,remove,node82,6578.94
39660620,remove,node45,6533.516
39710404,remove,node30,2708.805
39722292,remove,node106,1202.292
39762074,remove,node69,6164.784
39840000,add,node1,4384.338
39840000,add,node13,1408.865
39840000,add,node18,5427.393
39840000,add,node19,410.829
39840000,add,node23,7463.662
39840000,add,node27,3240.612
39840000,add,node30,2708.805
39840000,add,node40,2140.044
39840000,add,node43,6870.856
39840000,add,node44,4075.084
40072978,remove,node85,945.454
40276381,remove,node31,10733.242
40373088,remove,node22,5112.476
40491310,remove,node24,4672.406
40527223,remove,node20,1078.659
40528988,remove,node41,6405.466
40560000,add,node20,1078.659
40560000,add,node22,5112.476
40571787,remove,node33,4628.733
40582000,remove,node101,2062.0
40772499,remove,node29,15578.053
40772836,remove,node90,2252.836
40841624,remove,node61,2545.887
40965492,remove,node43,6870.856
41182885,remove,node50,949.081
41194019,remove,node81,10686.97
41197301,remove,node37,6873.144
41221495,remove,node39,1240.656
41270703,remove,node8,11848.793
41271742,remove,node94,2751.742
41287870,remove,node70,1616.898
41293632,remove,node9,7220.676
41315413,remove,node26,9043.4
41365899,remove,node57,15245.1
41445674,remove,node30,2708.805
41478300,remove,node80,609.466
41654314,remove,node20,1078.659
41775621,remove,node67,6093.656
41820000,add,node8,11848.793
41820000,add,node9,7220.676
41820000,add,node20,1078.659
41870184,remove,node10,1469.918
41897609,remove,node11,4815.497
41898111,remove,node100,3378.111
42041125,remove,node18,5427.393
42078662,remove,node19,410.829
42120000,add,node10,1469.918
42120000,add,node11,4815.497
42193480,remove,node11,4815.497
42238735,remove,node6,9742.914
42241323,remove,node8,11848.793
42291006,remove,node105,3771.006
42464299,remove,node13,1408.865
42690583,remove,node86,3610.142
42812332,remove,node58,3976.433
42845612,remove,node107,3965.612
43080000,add,node6,9742.914
43080000,add,node8,11848.793
43080000,add,node11,4815.497
43080000,add,node13,1408.865
43080000,add,node18,5427.393
43080000,add,node19,410.829
43080000,add,node24,4672.406
43080000,add,node26,9043.4
43080000,add,node29,15578.053
43080000,add,node30,2708.805
43080000,add,node31,10733.242
43186634,remove,node21,4431.513
43224279,remove,node18,5427.393
43232790,remove,node26,9043.4
43244445,remove,node66,6371.063
43246804,remove,node24,4672.406
43353617,remove,node65,9154.035
43382666,remove,node95,4862.666
43427785,remove,node2,5012.662
43432889,remove,node91,4912.889
43454101,remove,node55,3616.127
43468319,remove,node9,7220.676
43552740,remove,node23,7463.662
43579162,remove,node38,11713.204
43583979,remove,node17,675.229
43794954,remove,node13,1408.865
43797070,remove,node74,2820.965
43830238,remove,node29,15578.053
43853053,remove,node12,2782.7
43872702,remove,node8,11848.793
43893822,remove,node104,5373.822
44001719,remove,node73,2871.793
44114849,remove,node44,4075.084
44124134,remove,node36,818.598
44134631,remove,node20,1078.659
44145801,remove,node3,254.484
44204611,remove,node84,3624.594
44209622,remove,node98,5689.622
44237922,remove,node28,2827.308
44356004,remove,node93,5836.004
44363321,remove,node88,3913.897
44468144,remove,node52,1079.704
44765858,remove,node4,1330.54
44820000,add,node2,5012.662
44894133,remove,node75,1510.375
44947822,remove,node15,16971.267
44991848,remove,node6,9742.914
45016897,remove,node46,4441.317
45052577,remove,node25,12791.206
45130602,remove,node42,1276.242
45529412,remove,node5,6606.755
45540000,add,node3,254.484
45540000,add,node4,1330.54
45540000,add,node5,6606.755
45540000,add,node6,9742.914
45540000,add,node8,11848.793
45540000,add,node9,7220.676
45540000,add,node12,2782.7
45540000,add,node13,1408.865
45540000,add,node15,16971.267
45540000,add,node17,675.229
45540000,add,node18,5427.393
45540000,add,node20,1078.659
45540000,add,node21,4431.513
45540000,add,node23,7463.662
45540000,add,node24,4672.406
45540000,add,node25,12791.206
45540000,add,node26,9043.4
45643577,remove,node26,9043.4
45720000,add,node26,9043.4
45960000,add,node28,2827.308
46031533,remove,node22,5112.476
46131040,remove,node51,4207.46
46140000,add,node22,5112.476
46140000,add,node29,15578.053
46140000,add,node33,4628.733
46140000,add,node36,818.598
46140000,add,node37,6873.144
46140000,add,node38,11713.204
46140000,add,node39,1240.656
46140000,add,node41,6405.466
46140000,add,node42,1276.242
46140000,add,node43,6870.856
46140000,add,node44,4075.084
46140000,add,node45,6533.516
46140000,add,node46,4441.317
46140000,add,node49,5068.222
46140000,add,node50,949.081
46140000,add,node51,4207.46
46140000,add,node52,1079.704
46140000,add,node54,1381.514
46140000,add,node55,3616.127
46140000,add,node57,15245.1
46140000,add,node58,3976.433
46140000,add,node59,3802.434
46140000,add,node60,5885.462
46316517,remove,node11,4815.497
46458251,remove,node7,2397.654
46535720,remove,node89,2371.976
46543890,remove,node47,371.661
46620000,add,node7,2397.654
46620000,add,node11,4815.497
46620000,add,node47,371.661
46620000,add,node61,2545.887
46620000,add,node63,430.857
46680000,add,node65,9154.035
46680000,add,node66,6371.063
46755195,remove,node76,21354.975
46864079,remove,node102,8344.079
46953420,remove,node55,3616.127
47448185,remove,node103,8928.185
47510125,remove,node21,4431.513
47514215,remove,node96,8994.215
47632551,remove,node6,9742.914
47931327,remove,node18,5427.393
47957521,remove,node37,6873.144
48003541,remove,node24,4672.406
48053494,remove,node26,9043.4
48077532,remove,node56,11191.37
48132716,remove,node54,1381.514
48153869,remove,node34,13314.088
48201577,remove,node42,1276.242
48458265,remove,node38,11713.204
48521426,remove,node72,4531.716
48658731,remove,node61,2545.887
48720704,remove,node4,1330.54
48764945,remove,node39,1240.656
48805904,remove,node62,927.889
49132284,remove,node49,5068.222
49401806,remove,node1,4384.338
49417429,remove,node83,3990.88
49542274,remove,node12,2782.7
49564502,remove,node5,6606.755
49580828,remove,node48,1731.079
49982046,remove,node30,2708.805
50001283,remove,node45,6533.516
50078604,remove,node43,6870.856
50141977,remove,node28,2827.308
50152874,remove,node33,4628.733
50169254,remove,node2,5012.662
50249612,remove,node7,2397.654
50306882,remove,node58,3976.433
50449911,remove,node35,776.276
50636203,remove,node11,4815.497
50880000,add,node1,4384.338
50880000,add,node2,5012.662
50880000,add,node4,1330.54
50880000,add,node5,6606.755
50880000,add,node6,9742.914
50880000,add,node7,2397.654
50880000,add,node11,4815.497
51004054,remove,node77,212.744
51056938,remove,node44,4075.084
51138303,remove,node8,11848.793
51354881,remove,node14,8509.41
51540494,remove,node9,7220.676
51608242,remove,node6,9742.914
51780000,add,node6,9742.914
51780000,add,node8,11848.793
51780000,add,node9,7220.676
51780000,add,node12,2782.7
51780000,add,node14,8509.41
51780000,add,node18,5427.393
51780000,add,node21,4431.513
51780000,add,node24,4672.406
51780000,add,node26,9043.4
51780000,add,node28,2827.308
51780000,add,node30,2708.805
51780000,add,node33,4628.733
51780000,add,node34,13314.088
51780000,add,node35,776.276
51780000,add,node37,6873.144
51780000,add,node38,11713.204
51780000,add,node39,1240.656
51780000,add,node42,1276.242
51780000,add,node43,6870.856
51780000,add,node44,4075.084
51780000,add,node45,6533.516
51780000,add,node48,1731.079
51780000,add,node49,5068.222
51780209,remove,node50,949.081
52236724,remove,node27,3240.612
52283767,remove,node15,16971.267
52365503,remove,node65,9154.035
52369503,remove,node47,371.661
52409522,remove,node4,1330.54
52519742,remove,node20,1078.659
52570821,remove,node71,6214.356
52680000,add,node4,1330.54
52680000,add,node15,16971.267
52680000,add,node20,1078.659
52680000,add,node27,3240.612
52680000,add,node47,371.661
52680000,add,node50,949.081
52680000,add,node54,1381.514
52721395,remove,node16,1796.643
52745943,remove,node10,1469.918
52882893,remove,node25,12791.206
53100000,add,node10,1469.918
53100000,add,node16,1796.643
53100000,add,node25,12791.206
53100000,add,node55,3616.127
53160084,remove,node46,4441.317
53198710,remove,node6,9742.914
53448603,remove,node3,254.484
53653101,remove,node31,10733.242
53723018,remove,node17,675.229
53860921,remove,node55,3616.127
53962350,remove,node51,4207.46
54060000,add,node3,254.484
54060000,add,node6,9742.914
54060000,add,node17,675.229
54060000,add,node31,10733.242
54060000,add,node46,4441.317
54060000,add,node51,4207.46
54060000,add,node55,3616.127
54060000,add,node56,11191.37
54060000,add,node58,3976.433
54060000,add,node61,2545.887
54060000,add,node62,927.889
54060000,add,node65,9154.035
54060000,add,node67,6093.656
54060000,add,node69,6164.784
54060000,add,node70,1616.898
54060000,add,node71,6214.356
54239514,remove,node46,4441.317
54284067,remove,node7,2397.654
54312573,remove,node87,3535.567
54320356,remove,node12,2782.7
54338101,remove,node97,15818.101
54494959,remove,node37,6873.144
54517680,remove,node49,5068.222
54581617,remove,node33,4628.733
54597927,remove,node9,7220.676
54780000,add,node7,2397.654
54780000,add,node9,7220.676
54780000,add,node12,2782.7
54780000,add,node33,4628.733
54780000,add,node37,6873.144
54780000,add,node46,4441.317
54780000,add,node49,5068.222
54780000,add,node72,4531.716
54780000,add,node73,2871.793
54954699,remove,node14,8509.41
54982530,remove,node48,1731.079
54987340,remove,node64,5890.685
55107340,remove,node26,9043.4
55110321,remove,node53,443.889
55200000,add,node14,8509.41
55200000,add,node26,9043.4
55264834,remove,node61,2545.887
55320000,add,node48,1731.079
55320000,add,node53,443.889
55320000,add,node61,2545.887
55320000,add,node64,5890.685
55320000,add,node74,2820.965
55320000,add,node75,1510.375
55320000,add,node76,21354.975
55320000,add,node77,212.744
55320000,add,node78,4743.372
55320000,add,node79,4894.849
55347711,remove,node39,1240.656
55456718,remove,node9,7220.676
55488115,remove,node50,949.081
55501332,remove,node24,4672.406
55655845,remove,node30,2708.805
55678457,remove,node7,2397.654
55680000,add,node7,2397.654
55680000,add,node9,7220.676
55680000,add,node24,4672.406
55680000,add,node30,2708.805
55680000,add,node39,1240.656
55680000,add,node50,949.081
55680000,add,node80,609.466
55680000,add,node81,10686.97
55680000,add,node82,6578.94
55680000,add,node83,3990.88
55680000,add,node84,3624.594
55680000,add,node85,945.454
55680000,add,node86,3610.142
55680000,add,node87,3535.567
55680000,add,node88,3913.897
55680000,add,node89,2371.976
55680000,add,node90,2252.836
55680000,add,node91,4912.889
55680000,add,node92,671.452
55680000,add,node93,5836.004
55680000,add,node94,2751.742
55680000,add,node95,4862.666
55680000,add,node96,8994.215
55680000,add,node97,15818.101
55680000,add,node98,5689.622
55680000,add,node99,567.324
55680000,add,node100,3378.111
55680000,add,node101,2062.0
55680000,add,node102,8344.079
55680000,add,node103,8928.185
55680000,add,node104,5373.822
55680000,add,node105,3771.006
55725430,remove,node29,15578.053
55730558,remove,node12,2782.7
55778240,remove,node38,11713.204
55793932,remove,node10,1469.918
56013111,remove,node62,927.889
56065737,remove,node4,1330.54
56068783,remove,node22,5112.476
56144427,remove,node70,1616.898
56234126,remove,node74,2820.965
56295675,remove,node43,6870.856
56605631,remove,node61,2545.887
56640000,add,node4,1330.54
56640000,add,node10,1469.918
56726268,remove,node79,4894.849
56798573,remove,node28,2827.308
56930515,remove,node8,11848.793
56990715,remove,node71,6214.356
57000000,add,node8,11848.793
57000000,add,node12,2782.7
57000000,add,node22,5112.476
57000000,add,node28,2827.308
57000000,add,node29,15578.053
57039631,remove,node75,1510.375
57096846,remove,node48,1731.079
57147776,remove,node58,3976.433
57212949,remove,node29,15578.053
57233608,remove,node80,609.466
57237242,remove,node88,3913.897
57284469,remove,node41,6405.466
57298466,remove,node77,212.744
57359393,remove,node64,5890.685
57454352,remove,node67,6093.656
57474964,remove,node40,2140.044
57483615,remove,node12,2782.7
57567396,remove,node90,2252.836
57573768,remove,node55,3616.127
57692781,remove,node66,6371.063
57728770,remove,node33,4628.733
57732103,remove,node2,5012.662
57780000,add,node2,5012.662
57780000,add,node12,2782.7
57827496,remove,node87,3535.567
57903834,remove,node31,10733.242
57920369,remove,node53,443.889
57970144,remove,node46,4441.317
57980561,remove,node99,567.324
58137366,remove,node47,371.661
58142480,remove,node42,1276.242
58258032,remove,node3,254.484
58361172,remove,node78,4743.372
58367857,remove,node36,818.598
58576835,remove,node89,2371.976
58596775,remove,node17,675.229
58740000,add,node3,254.484
58740000,add,node17,675.229
58762272,remove,node30,2708.805
58917355,remove,node91,4912.889
58975482,remove,node13,1408.865
59046081,remove,node93,5836.004
59100095,remove,node17,675.229
59111831,remove,node97,15818.101
59154941,remove,node52,1079.704
59172097,remove,node68,3443.857
59284058,remove,node102,8344.079
59295704,remove,node85,945.454
59347746,remove,node95,4862.666
59416568,remove,node9,7220.676
59483022,remove,node14,8509.41
59661978,remove,node103,8928.185
59700377,remove,node11,4815.497
59829306,remove,node35,776.276
59838841,remove,node51,4207.46
59877498,remove,node19,410.829
59946375,remove,node37,6873.144
60107470,remove,node96,8994.215
60145152,remove,node69,6164.784
60172241,remove,node6,9742.914
60480000,add,node6,9742.914
60480000,add,node9,7220.676
60480000,add,node11,4815.497
60480000,add,node13,1408.865
60480000,add,node14,8509.41
60480000,add,node17,675.229
60542716,remove,node3,254.484
60660000,add,node3,254.484
60660000,add,node19,410.829
60660000,add,node29,15578.053
60660000,add,node30,2708.805
60672579,remove,node60,5885.462
60710857,remove,node26,9043.4
60804202,remove,node76,21354.975
60880594,remove,node13,1408.865
60979199,remove,node94,2751.742
60991472,remove,node92,671.452
61143894,remove,node16,1796.643
61202810,remove,node21,4431.513
61419155,remove,node83,3990.88
61510991,remove,node7,2397.654
61517063,remove,node15,16971.267
61546799,remove,node11,4815.497
61727631,remove,node45,6533.516
61975130,remove,node34,13314.088
62040000,add,node7,2397.654
62040000,add,node11,4815.497
62040000,add,node13,1408.865
62040000,add,node15,16971.267
62040000,add,node16,1796.643
62100000,add,node21,4431.513
62100000,add,node26,9043.4
62100000,add,node31,10733.242
62100000,add,node33,4628.733
62100000,add,node34,13314.088
62100000,add,node35,776.276
62100000,add,node36,818.598
62100000,add,node37,6873.144
62100000,add,node38,11713.204
62100000,add,node40,2140.044
62100000,add,node41,6405.466
62100000,add,node42,1276.242
62100000,add,node43,6870.856
62100000,add,node45,6533.516
62100000,add,node46,4441.317
62100000,add,node47,371.661
62100000,add,node48,1731.079
62100000,add,node51,4207.46
62100000,add,node52,1079.704
62100000,add,node53,443.889
62100000,add,node55,3616.127
62100000,add,node58,3976.433
62100000,add,node60,5885.462
62182664,remove,node24,4672.406
62340000,add,node24,4672.406
62379463,remove,node98,5689.622
62399388,remove,node40,2140.044
62444416,remove,node27,3240.612
62450287,remove,node82,6578.94
62461526,remove,node56,11191.37
62481735,remove,node43,6870.856
62486712,remove,node54,1381.514
62571369,remove,node36,818.598
62576436,remove,node38,11713.204
62647801,remove,node86,3610.142
62699092,remove,node81,10686.97
62820000,add,node27,3240.612
62820000,add,node36,818.598
62820000,add,node38,11713.204
62820000,add,node40,2140.044
62820000,add,node43,6870.856
62820000,add,node54,1381.514
62820000,add,node56,11191.37
62975384,remove,node42,1276.242
63000000,add,node42,1276.242
63000000,add,node61,2545.887
63000000,add,node62,927.889
63000000,add,node64,5890.685
63000000,add,node66,6371.063
63000000,add,node67,6093.656
63000000,add,node68,3443.857
63000000,add,node69,6164.784
63000000,add,node70,1616.898
63000000,add,node71,6214.356
63000000,add,node74,2820.965
63000000,add,node75,1510.375
63000000,add,node76,21354.975
63000000,add,node77,212.744
63000000,add,node78,4743.372
63000000,add,node79,4894.849
63000000,add,node80,609.466
63000000,add,node81,10686.97
63000000,add,node82,6578.94
63000000,add,node83,3990.88
63000000,add,node85,945.454
63000000,add,node86,3610.142
63047250,remove,node1,4384.338
63154897,remove,node31,10733.242
63204478,remove,node71,6214.356
63238060,remove,node16,1796.643
63262897,remove,node72,4531.716
63339285,remove,node55,3616.127
63372233,remove,node48,1731.079
63453227,remove,node49,5068.222
63458769,remove,node74,2820.965
63553689,remove,node69,6164.784
63589130,remove,node20,1078.659
63632920,remove,node101,2062.0
63704444,remove,node53,443.889
63780488,remove,node60,5885.462
63786530,remove,node32,9639.579
63792403,remove,node33,4628.733
63794167,remove,node38,11713.204
63832956,remove,node50,949.081
63897514,remove,node39,1240.656
64092576,remove,node73,2871.793
64150422,remove,node61,2545.887
64226746,remove,node7,2397.654
64267863,remove,node29,15578.053
64274822,remove,node28,2827.308
64339141,remove,node5,6606.755
64517608,remove,node26,9043.4
64576139,remove,node79,4894.849
64740000,add,node1,4384.338
64740000,add,node5,6606.755
64740000,add,node7,2397.654
64740000,add,node16,1796.643
64740000,add,node20,1078.659
64740000,add,node26,9043.4
64740000,add,node28,2827.308
64740000,add,node29,15578.053
64740000,add,node31,10733.242
64740000,add,node32,9639.579
64740000,add,node33,4628.733
64740000,add,node38,11713.204
64800000,remove,node33,4628.733
64806899,remove,node23,7463.662
64827337,remove,node16,1796.643
64830265,remove,node65,9154.035
64872477,remove,node59,3802.434
65160000,add,node16,1796.643
65160000,add,node23,7463.662
65160000,add,node33,4628.733
65160000,add,node39,1240.656
65160000,add,node48,1731.079
65160000,add,node49,5068.222
65160000,add,node50,949.081
65160000,add,node53,443.889
65160000,add,node55,3616.127
65160000,add,node59,3802.434
65160000,add,node60,5885.462
65226842,remove,node27,3240.612
65273866,remove,node9,7220.676
65339366,remove,node45,6533.516
65405198,remove,node75,1510.375
65440545,remove,node28,2827.308
65543578,remove,node105,3771.006
65557203,remove,node68,3443.857
65570822,remove,node29,15578.053
65583951,remove,node13,1408.865
65630365,remove,node50,949.081
65846855,remove,node8,11848.793
65890737,remove,node33,4628.733
66061354,remove,node62,927.889
66098927,remove,node37,6873.144
66113341,remove,node81,10686.97
66140702,remove,node6,9742.914
66155007,remove,node14,8509.41
66186314,remove,node66,6371.063
66193941,remove,node19,410.829
66276299,remove,node32,9639.579
66527371,remove,node51,4207.46
66564619,remove,node64,5890.685
66597223,remove,node11,4815.497
66750695,remove,node104,5373.822
66751634,remove,node15,16971.267
66917965,remove,node39,1240.656
67217506,remove,node7,2397.654
67284241,remove,node56,11191.37
67450612,remove,node38,11713.204
67537549,remove,node82,6578.94
67578019,remove,node63,430.857
67920000,add,node6,9742.914
67920000,add,node7,2397.654
67920000,add,node8,11848.793
67980000,add,node9,7220.676
67980000,add,node11,4815.497
67980000,add,node13,1408.865
67980000,add,node14,8509.41
68011814,remove,node10,1469.918
68072150,remove,node83,3990.88
68160000,add,node10,1469.918
68160000,add,node15,16971.267
68286201,remove,node52,1079.704
68311006,remove,node20,1078.659
68339035,remove,node15,16971.267
68451649,remove,node85,945.454
68546087,remove,node76,21354.975
68578042,remove,node42,1276.242
68724737,remove,node14,8509.41
68853008,remove,node16,1796.643
68880000,add,node14,8509.41
68880000,add,node15,16971.267
68880000,add,node16,1796.643
68880000,add,node19,410.829
68880000,add,node20,1078.659
68880000,add,node27,3240.612
68880000,add,node28,2827.308
68894750,remove,node12,2782.7
68957336,remove,node24,4672.406
68992769,remove,node3,254.484
69028052,remove,node17,675.229
69035447,remove,node19,410.829
69060000,add,node3,254.484
69060000,add,node12,2782.7
69060000,add,node17,675.229
69060000,add,node19,410.829
69060000,add,node24,4672.406
69060000,add,node29,15578.053
69060000,add,node32,9639.579
69060000,add,node33,4628.733
69060000,add,node37,6873.144
69060000,add,node38,11713.204
69060000,add,node39,1240.656
69060000,add,node42,1276.242
69227230,remove,node6,9742.914
69555317,remove,node14,8509.41
69720000,add,node6,9742.914
69778965,remove,node35,776.276
69876640,remove,node11,4815.497
69901153,remove,node7,2397.654
69903580,remove,node16,1796.643
70164957,remove,node24,4672.406
70170574,remove,node42,1276.242
70368178,remove,node18,5427.393
70379926,remove,node5,6606.755
70555654,remove,node58,3976.433
70725886,remove,node48,1731.079
70842987,remove,node84,3624.594
70920000,add,node5,6606.755
70946100,remove,node25,12791.206
71004559,remove,node100,3378.111
71108173,remove,node55,3616.127
71113428,remove,node53,443.889
71370637,remove,node34,13314.088
71400000,add,node7,2397.654
71400000,add,node11,4815.497
71400000,add,node14,8509.41
71400000,add,node16,1796.643
71400000,add,node18,5427.393
71400000,add,node24,4672.406
71400000,add,node25,12791.206
71400000,add,node34,13314.088
71400000,add,node35,776.276
71400000,add,node42,1276.242
71400000,add,node45,6533.516
71400000,add,node48,1731.079
71400000,add,node50,949.081
71400000,add,node51,4207.46
71400000,add,node52,1079.704
71400000,add,node53,443.889
71400000,add,node55,3616.127
71400000,add,node56,11191.37
71400000,add,node58,3976.433
71400000,add,node61,2545.887
71400000,add,node62,927.889
71400000,add,node63,430.857
71400000,add,node64,5890.685
71400000,add,node65,9154.035
71400000,add,node66,6371.063
71400000,add,node68,3443.857
71400000,add,node69,6164.784
71400000,add,node71,6214.356
71400000,add,node72,4531.716
71400000,add,node73,2871.793
71400000,add,node74,2820.965
71400000,add,node75,1510.375
71400000,add,node76,21354.975
71400000,add,node79,4894.849
71400000,add,node81,10686.97
71400000,add,node82,6578.94
71400000,add,node83,3990.88
71400000,add,node84,3624.594
71456818,remove,node49,5068.222
71466842,remove,node63,430.857
71536996,remove,node28,2827.308
71605950,remove,node7,2397.654
71612166,remove,node41,6405.466
71635209,remove,node40,2140.044
71884709,remove,node46,4441.317
71940000,add,node7,2397.654
71940000,add,node28,2827.308
71940000,add,node40,2140.044
71940000,add,node41,6405.466
71940000,add,node46,4441.317
71940000,add,node49,5068.222
71940000,add,node63,430.857
71940000,add,node85,945.454
71940000,add,node87,3535.567
71956209,remove,node44,4075.084
71986310,remove,node27,3240.612
72067697,remove,node20,1078.659
72150831,remove,node60,5885.462
72209037,remove,node34,13314.088
72240000,add,node20,1078.659
72240000,add,node27,3240.612
72240000,add,node34,13314.088
72240000,add,node44,4075.084
72240000,add,node60,5885.462
72240000,add,node88,3913.897
72240000,add,node89,2371.976
72240000,add,node90,2252.836
72240000,add,node91,4912.889
72252922,remove,node53,443.889
72300000,remove,node20,1078.659
72420000,add,node20,1078.659
72420000,add,node53,443.889
72420000,add,node92,671.452
72420000,add,node93,5836.004
72420000,add,node94,2751.742
72420000,add,node95,4862.666
72420000,add,node96,8994.215
72420000,add,node97,15818.101
72420000,add,node98,5689.622
72420000,add,node99,567.324
72420000,add,node100,3378.111
72420000,add,node101,2062.0
72420000,add,node102,8344.079
72420000,add,node103,8928.185
72428682,remove,node56,11191.37
72554506,remove,node17,675.229
72555886,remove,node91,4912.889
72567726,remove,node8,11848.793
72720000,add,node8,11848.793
72720000,add,node17,675.229
72720000,add,node56,11191.37
72720000,add,node91,4912.889
72720000,add,node104,5373.822
72720000,add,node105,3771.006
72720000,add,node106,1202.292
72720000,add,node107,3965.612
72720000,add,node108,4323.625
72720000,add,node109,9629.055
72720000,add,node110,2270.357
72720000,add,node111,3434.786
72720000,add,node112,10368.632
72720000,add,node113,2538.89
72720000,add,node114,11110.478
72720000,add,node115,1696.98
72720000,add,node116,4261.139
72720000,add,node117,12874.192
72720000,add,node118,4449.169
72720000,add,node119,2561.356
72720000,add,node120,13060.563
72720000,add,node121,11977.714
72720000,add,node122,827.931
72720000,add,node123,2514.572
72720000,add,node124,9005.595
72720000,add,node125,1506.572
72720000,add,node126,3675.58
72720000,add,node127,2117.32
72720000,add,node128,10524.917
72720000,add,node129,9116.24
72720000,add,node130,11167.882
72720000,add,node131,2203.553
72720000,add,node132,26509.183
72720000,add,node133,21657.523
72720000,add,node134,4127.516
72720000,add,node135,3691.2
72720000,add,node136,13826.553
72720000,add,node137,11628.919
72720000,add,node138,26252.884
72720000,add,node139,14686.981
72720000,add,node140,1825.159
72720000,add,node141,10863.303
72780000,add,node142,14357.735
72780000,add,node143,14238.787
72780000,add,node144,11612.571
72780000,add,node145,2551.974
72780000,add,node146,13015.854
72780000,add,node147,6501.71
72780000,add,node148,8741.726
72780000,add,node149,3413.357
72780000,add,node150,736.106
72780000,add,node151,2507.48
72780000,add,node152,3446.499
72944537,remove,node30,2708.805
72949269,remove,node8,11848.793
72964916,remove,node50,949.081
72977211,remove,node75,1510.375
73025654,remove,node32,9639.579
73044832,remove,node47,371.661
73135414,remove,node5,6606.755
73162158,remove,node39,1240.656
73320249,remove,node44,4075.084
73340658,remove,node42,1276.242
73377519,remove,node73,2871.793
73416061,remove,node11,4815.497
73435468,remove,node43,6870.856
73493243,remove,node64,5890.685
73516106,remove,node150,736.106
73544688,remove,node94,2751.742
73547931,remove,node122,827.931
73582060,remove,node33,4628.733
73599757,remove,node96,8994.215
73641021,remove,node36,818.598
73664051,remove,node15,16971.267
73719175,remove,node81,10686.97
73746368,remove,node13,1408.865
73819482,remove,node46,4441.317
73822897,remove,node1,4384.338
73942603,remove,node66,6371.063
74037103,remove,node79,4894.849
74088717,remove,node67,6093.656
74170457,remove,node71,6214.356
74176055,remove,node89,2371.976
74204769,remove,node45,6533.516
74220000,add,node1,4384.338
74220000,add,node5,6606.755
74220000,add,node8,11848.793
74220000,add,node11,4815.497
74220000,add,node13,1408.865
74220000,add,node15,16971.267
74226572,remove,node125,1506.572
74251590,remove,node2,5012.662
74264153,remove,node100,3378.111
74283492,remove,node31,10733.242
74290831,remove,node51,4207.46
74371329,remove,node41,6405.466
74416980,remove,node115,1696.98
74545159,remove,node140,1825.159
74558633,remove,node14,8509.41
74621083,remove,node106,1202.292
74627023,remove,node78,4743.372
74837320,remove,node127,2117.32
74902648,remove,node82,6578.94
74923553,remove,node131,2203.553
74940000,add,node2,5012.662
74940000,add,node14,8509.41
74940000,add,node30,2708.805
74940000,add,node31,10733.242
74940000,add,node32,9639.579
74940000,add,node33,4628.733
74940000,add,node36,818.598
74940000,add,node39,1240.656
74940000,add,node41,6405.466
74940000,add,node42,1276.242
74965615,remove,node84,3624.594
74990357,remove,node110,2270.357
75031676,remove,node57,15245.1
75052707,remove,node48,1731.079
75114894,remove,node62,927.889
75142400,remove,node28,2827.308
75158851,remove,node97,15818.101
75234572,remove,node123,2514.572
75248154,remove,node91,4912.889
75251081,remove,node88,3913.897
75258890,remove,node113,2538.89
75281356,remove,node119,2561.356
75287480,remove,node151,2507.48
75331974,remove,node145,2551.974
75341862,remove,node26,9043.4
75366915,remove,node90,2252.836
75558105,remove,node85,945.454
75562616,remove,node76,21354.975
75576796,remove,node30,2708.805
75679882,remove,node103,8928.185
75723312,remove,node22,5112.476
75728926,remove,node38,11713.204
75794838,remove,node59,3802.434
75803775,remove,node95,4862.666
75910951,remove,node40,2140.044
76112883,remove,node25,12791.206
76154786,remove,node111,3434.786
76193357,remove,node149,3413.357
76226499,remove,node152,3446.499
76241492,remove,node65,9154.035
76245270,remove,node61,2545.887
76281081,remove,node72,4531.716
76329486,remove,node105,3771.006
76395580,remove,node126,3675.58
76411200,remove,node135,3691.2
76452142,remove,node68,3443.857
76677607,remove,node98,5689.622
76704622,remove,node39,1240.656
76751096,remove,node54,1381.514
76772618,remove,node24,4672.406
76847516,remove,node134,4127.516
76945321,remove,node56,11191.37
76981139,remove,node116,4261.139
77010628,remove,node14,8509.41
77016876,remove,node69,6164.784
77040000,add,node14,8509.41
77040000,add,node22,5112.476
77040000,add,node24,4672.406
77040000,add,node25,12791.206
77040000,add,node26,9043.4
77040000,add,node28,2827.308
77040000,add,node30,2708.805
77040000,add,node38,11713.204
77040000,add,node39,1240.656
77040000,add,node40,2140.044
77040000,add,node43,6870.856
77040000,add,node44,4075.084
77040000,add,node45,6533.516
77040000,add,node46,4441.317
77040000,add,node47,371.661
77040000,add,node48,1731.079
77040000,add,node50,949.081
77040000,add,node51,4207.46
77040000,add,node54,1381.514
77040000,add,node56,11191.37
77043625,remove,node108,4323.625
77169169,remove,node118,4449.169
77218829,remove,node27,3240.612
77305818,remove,node9,7220.676
77383965,remove,node35,776.276
77421028,remove,node83,3990.88
77460793,remove,node19,410.829
77481402,remove,node17,675.229
77557235,remove,node22,5112.476
77596421,remove,node46,4441.317
77689693,remove,node92,671.452
77752839,remove,node87,3535.567
77760000,add,node9,7220.676
77760000,add,node17,675.229
77760000,add,node19,410.829
77760000,add,node22,5112.476
77760000,add,node27,3240.612
77760000,add,node35,776.276
77760000,add,node46,4441.317
77760000,add,node57,15245.1
77760000,add,node59,3802.434
77820000,add,node61,2545.887
77820000,add,node62,927.889
77820000,add,node64,5890.685
77820000,add,node65,9154.035
77820000,add,node66,6371.063
77820000,add,node67,6093.656
77820000,add,node68,3443.857
77820000,add,node69,6164.784
78064140,remove,node39,1240.656
78082548,remove,node50,949.081
78105057,remove,node21,4431.513
78326134,remove,node80,609.466
78363850,remove,node1,4384.338
78422164,remove,node32,9639.579
78499300,remove,node7,2397.654
78660000,add,node1,4384.338
78660000,add,node7,2397.654
78660000,add,node21,4431.513
78660000,add,node32,9639.579
78870754,remove,node27,3240.612
78982192,remove,node68,3443.857
79103741,remove,node86,3610.142
79240826,remove,node36,818.598
79281710,remove,node147,6501.71
79341570,remove,node2,5012.662
79347746,remove,node62,927.889
79556592,remove,node21,4431.513
79620000,add,node2,5012.662
79620000,add,node21,4431.513
79793085,remove,node74,2820.965
79860806,remove,node17,675.229
79917445,remove,node12,2782.7
79948624,remove,node69,6164.784
80011218,remove,node24,4672.406
80317499,remove,node70,1616.898
80334407,remove,node19,410.829
80340089,remove,node2,5012.662
80401275,remove,node65,9154.035
80432369,remove,node10,1469.918
80485379,remove,node13,1408.865
80520000,add,node2,5012.662
80520000,add,node10,1469.918
80520000,add,node12,2782.7
80520000,add,node13,1408.865
80520000,add,node17,675.229
80520000,add,node19,410.829
80520000,add,node24,4672.406
80520000,add,node27,3240.612
80520000,add,node36,818.598
80520000,add,node39,1240.656
80520000,add,node50,949.081
80520000,add,node62,927.889
80520000,add,node65,9154.035
80520000,add,node68,3443.857
80520000,add,node69,6164.784
80520000,add,node70,1616.898
80520000,add,node71,6214.356
80538764,remove,node101,2062.0
80551313,remove,node57,15245.1
80580000,remove,node36,818.598
80585959,remove,node49,5068.222
80619865,remove,node59,3802.434
80632879,remove,node43,6870.856
80665350,remove,node39,1240.656
80750059,remove,node16,1796.643
80803784,remove,node28,2827.308
80814505,remove,node67,6093.656
80884967,remove,node25,12791.206
80925257,remove,node93,5836.004
81000000,add,node16,1796.643
81000000,add,node25,12791.206
81000000,add,node28,2827.308
81000000,add,node36,818.598
81000000,add,node39,1240.656
81071020,remove,node10,1469.918
81329220,remove,node65,9154.035
81429767,remove,node99,567.324
81471462,remove,node52,1079.704
81521726,remove,node148,8741.726
81529699,remove,node6,9742.914
81590004,remove,node20,1078.659
81646680,remove,node11,4815.497
81725595,remove,node124,9005.595
81727359,remove,node50,949.081
81729326,remove,node15,16971.267
81836240,remove,node129,9116.24
81876026,remove,node2,5012.662
81923738,remove,node40,2140.044
81951330,remove,node47,371.661
81989275,remove,node54,1381.514
82041074,remove,node104,5373.822
82260000,add,node2,5012.662
82260000,add,node6,9742.914
82260000,add,node10,1469.918
82260000,add,node11,4815.497
82260000,add,node15,16971.267
82260000,add,node20,1078.659
82260000,add,node40,2140.044
82260000,add,node43,6870.856
82260000,add,node47,371.661
82260000,add,node49,5068.222
82260000,add,node50,949.081
82260000,add,node52,1079.704
82349055,remove,node109,9629.055
82459108,remove,node53,443.889
82467052,remove,node4,1330.54
82500000,add,node4,1330.54
82500000,add,node53,443.889
82500000,add,node54,1381.514
82500000,add,node57,15245.1
82500000,add,node59,3802.434
82500000,add,node65,9154.035
82500000,add,node67,6093.656
82500000,add,node72,4531.716
82500000,add,node73,2871.793
82500000,add,node74,2820.965
82500000,add,node75,1510.375
82500000,add,node76,21354.975
82500000,add,node78,4743.372
82500000,add,node79,4894.849
82500000,add,node80,609.466
82500000,add,node81,10686.97
82542752,remove,node60,5885.462
82564552,remove,node41,6405.466
82632376,remove,node46,4441.317
82759156,remove,node13,1408.865
82764764,remove,node68,3443.857
82839227,remove,node22,5112.476
82866428,remove,node45,6533.516
82974707,remove,node23,7463.662
82981257,remove,node56,11191.37
83029769,remove,node51,4207.46
83088632,remove,node112,10368.632
83220000,add,node13,1408.865
83220000,add,node22,5112.476
83223885,remove,node78,4743.372
83244917,remove,node128,10524.917
83274850,remove,node12,2782.7
83323863,remove,node64,5890.685
83450605,remove,node28,2827.308
83583303,remove,node141,10863.303
83611553,remove,node70,1616.898
83614692,remove,node107,3965.612
83614816,remove,node32,9639.579
83743317,remove,node74,2820.965
83769077,remove,node81,10686.97
83816764,remove,node54,1381.514
83830478,remove,node114,11110.478
83887882,remove,node130,11167.882
83922094,remove,node27,3240.612
83948115,remove,node2,5012.662
84060291,remove,node4,1330.54
84074922,remove,node48,1731.079
84159087,remove,node6,9742.914
84185748,remove,node9,7220.676
84300000,add,node2,5012.662
84300000,add,node4,1330.54
84300000,add,node6,9742.914
84300000,add,node9,7220.676
84300000,add,node12,2782.7
84300000,add,node23,7463.662
84300000,add,node27,3240.612
84300000,add,node28,2827.308
84300000,add,node32,9639.579
84300000,add,node41,6405.466
84300000,add,node45,6533.516
84300000,add,node46,4441.317
84348919,remove,node137,11628.919
84383968,remove,node32,9639.579
84392571,remove,node144,11612.571
84660000,add,node32,9639.579
84660000,add,node48,1731.079
84660000,add,node51,4207.46
84660000,add,node54,1381.514
84660000,add,node56,11191.37
84660000,add,node60,5885.462
84660000,add,node64,5890.685
84660000,add,node68,3443.857
84660000,add,node70,1616.898
84660000,add,node74,2820.965
84660000,add,node78,4743.372
84660000,add,node81,10686.97
84660000,add,node82,6578.94
84697714,remove,node121,11977.714
84720000,remove,node70,1616.898
84741682,remove,node8,11848.793
84747718,remove,node41,6405.466
84876834,remove,node29,15578.053
84970706,remove,node43,6870.856
85225599,remove,node36,818.598
85269272,remove,node30,2708.805
85289394,remove,node55,3616.127
85314588,remove,node56,11191.37
85335783,remove,node38,11713.204
85365964,remove,node68,3443.857
85440000,add,node8,11848.793
85440000,add,node29,15578.053
85440000,add,node30,2708.805
85440000,add,node36,818.598
85440000,add,node38,11713.204
85440000,add,node41,6405.466
85440000,add,node43,6870.856
85440000,add,node55,3616.127
85440000,add,node56,11191.37
85440000,add,node68,3443.857
85440000,add,node70,1616.898
85520014,remove,node9,7220.676
85521371,remove,node19,410.829
85523629,remove,node80,609.466
85594192,remove,node117,12874.192
85603980,remove,node3,254.484
85627617,remove,node71,6214.356
85780563,remove,node120,13060.563
85795854,remove,node146,13015.854
85832581,remove,node4,1330.54
85840186,remove,node79,4894.849
85880954,remove,node33,4628.733
85924656,remove,node73,2871.793
85993127,remove,node55,3616.127
86329106,remove,node35,776.276
86347660,remove,node57,15245.1
86359102,remove,node37,6873.144
86398158,remove,node53,443.889
86546553,remove,node136,13826.553
86604050,remove,node20,1078.659
86707351,remove,node102,8344.079
86717725,remove,node44,4075.084
86728972,remove,node13,1408.865
86740599,remove,node58,3976.433
87018787,remove,node143,14238.787
87137735,remove,node142,14357.735
87156994,remove,node28,2827.308
87159540,remove,node6,9742.914
87228625,remove,node49,5068.222
87406981,remove,node139,14686.981
87502065,remove,node67,6093.656
87508421,remove,node59,3802.434
87551106,remove,node10,1469.918
87641063,remove,node15,16971.267
87661074,remove,node68,3443.857
87704433,remove,node38,11713.204
87905644,remove,node63,430.857
87909971,remove,node26,9043.4
87958441,remove,node76,21354.975
87960000,add,node3,254.484
87960000,add,node4,1330.54
87960000,add,node6,9742.914
87960000,add,node9,7220.676
87960000,add,node10,1469.918
87960000,add,node13,1408.865
87960000,add,node15,16971.267
87960000,add,node19,410.829
87960000,add,node20,1078.659
87960000,add,node26,9043.4
87960000,add,node28,2827.308
87960000,add,node33,4628.733
87960000,add,node35,776.276
87960000,add,node37,6873.144
87960000,add,node38,11713.204
87960000,add,node44,4075.084
87960000,add,node49,5068.222
87960000,add,node53,443.889
87960000,add,node55,3616.127
87960000,add,node57,15245.1
87960000,add,node58,3976.433
87960000,add,node59,3802.434
88123971,remove,node60,5885.462
88263149,remove,node34,13314.088
88387528,remove,node28,2827.308
88396391,remove,node40,2140.044
88397612,remove,node74,2820.965
88623340,remove,node81,10686.97
88879651,remove,node78,4743.372
88959559,remove,node23,7463.662
88968871,remove,node66,6371.063
89040000,add,node23,7463.662
89040000,add,node28,2827.308
89040000,add,node34,13314.088
89040000,add,node40,2140.044
89040000,add,node60,5885.462
89090456,remove,node5,6606.755
89100000,add,node5,6606.755
89131322,remove,node4,1330.54
89220000,add,node4,1330.54
89328787,remove,node54,1381.514
89335465,remove,node9,7220.676
89372892,remove,node50,949.081
89381659,remove,node24,4672.406
89413455,remove,node19,410.829
89450744,remove,node22,5112.476
89467919,remove,node11,4815.497
89473807,remove,node56,11191.37
89481093,remove,node36,818.598
89528846,remove,node52,1079.704
89638345,remove,node7,2397.654
89746110,remove,node1,4384.338
89763571,remove,node41,6405.466
89860226,remove,node48,1731.079
89972315,remove,node57,15245.1
90012539,remove,node29,15578.053
90078779,remove,node10,1469.918
90088185,remove,node6,9742.914
90230648,remove,node27,3240.612
90245482,remove,node55,3616.127
90293907,remove,node53,443.889
90353721,remove,node30,2708.805
90500507,remove,node43,6870.856
90518147,remove,node59,3802.434
90529555,remove,node75,1510.375
90759245,remove,node32,9639.579
90974279,remove,node21,4431.513
91124658,remove,node34,13314.088
91225665,remove,node44,4075.084
91425365,remove,node51,4207.46
91571484,remove,node61,2545.887
91723529,remove,node8,11848.793
91976179,remove,node31,10733.242
91988164,remove,node16,1796.643
92220000,add,node1,4384.338
92220000,add,node6,9742.914
92220000,add,node7,2397.654
92228250,remove,node62,927.889
92280000,add,node8,11848.793
92280000,add,node9,7220.676
92280000,add,node10,1469.918
92280000,add,node11,4815.497
92286007,remove,node82,6578.94
92350958,remove,node23,7463.662
92436540,remove,node38,11713.204
92460000,add,node16,1796.643
92460000,add,node19,410.829
92460000,add,node21,4431.513
92460000,add,node22,5112.476
92460000,add,node23,7463.662
92460000,add,node24,4672.406
92460000,add,node27,3240.612
92460000,add,node29,15578.053
92460000,add,node30,2708.805
92513774,remove,node65,9154.035
92653102,remove,node28,2827.308
92700000,add,node28,2827.308
92700000,add,node31,10733.242
92700000,add,node32,9639.579
92700000,add,node34,13314.088
92700000,add,node36,818.598
92700000,add,node38,11713.204
92700000,add,node41,6405.466
92700000,add,node43,6870.856
92700000,add,node44,4075.084
92700000,add,node48,1731.079
92700000,add,node50,949.081
92700000,add,node51,4207.46
92700000,add,node52,1079.704
92700000,add,node53,443.889
92700000,add,node54,1381.514
92700000,add,node55,3616.127
92700000,add,node56,11191.37
92700000,add,node57,15245.1
92760000,add,node41,6405.466
92760000,add,node59,3802.434
92760000,remove,node41,6405.466
92792329,remove,node16,1796.643
92794524,remove,node43,6870.856
93000000,add,node16,1796.643
93000000,add,node43,6870.856
93000000,add,node61,2545.887
93000000,add,node62,927.889
93000000,add,node63,430.857
93000000,add,node65,9154.035
93000000,add,node66,6371.063
93000000,add,node67,6093.656
93048297,remove,node72,4531.716
93060000,remove,node66,6371.063
93147006,remove,node1,4384.338
93150025,remove,node41,6405.466
93300000,add,node1,4384.338
93300000,add,node41,6405.466
93300000,add,node66,6371.063
93300000,add,node68,3443.857
93300000,add,node71,6214.356
93300000,add,node72,4531.716
93300000,add,node73,2871.793
93300000,add,node74,2820.965
93300000,add,node75,1510.375
93300000,add,node76,21354.975
93300000,add,node78,4743.372
93300000,add,node79,4894.849
93300000,add,node80,609.466
93300000,add,node81,10686.97
93300000,add,node82,6578.94
93300000,add,node83,3990.88
93300000,add,node84,3624.594
93300000,add,node85,945.454
93392425,remove,node25,12791.206
93411940,remove,node56,11191.37
93475551,remove,node27,3240.612
93701148,remove,node34,13314.088
93791506,remove,node53,443.889
93811667,remove,node40,2140.044
93872044,remove,node83,3990.88
94092143,remove,node74,2820.965
94095588,remove,node49,5068.222
94195962,remove,node70,1616.898
94202081,remove,node18,5427.393
94216294,remove,node76,21354.975
94309775,remove,node4,1330.54
94377523,remove,node133,21657.523
94426347,remove,node36,818.598
94496994,remove,node1,4384.338
94500097,remove,node69,6164.784
94534915,remove,node48,1731.079
94581912,remove,node28,2827.308
94629970,remove,node31,10733.242
94658818,remove,node14,8509.41
94704294,remove,node59,3802.434
94795959,remove,node67,6093.656
94807329,remove,node43,6870.856
94860000,add,node1,4384.338
94860000,add,node4,1330.54
94860000,add,node14,8509.41
94860000,add,node18,5427.393
94860000,add,node25,12791.206
94860000,add,node27,3240.612
94860000,add,node28,2827.308
94862035,remove,node6,9742.914
94863748,remove,node37,6873.144
94920000,add,node6,9742.914
94920000,add,node31,10733.242
94920000,add,node34,13314.088
94920000,add,node36,818.598
94920000,add,node37,6873.144
94920000,add,node40,2140.044
94920000,add,node43,6870.856
94920000,add,node48,1731.079
94920000,add,node49,5068.222
94920000,add,node53,443.889
94920000,add,node56,11191.37
94920000,add,node59,3802.434
95017372,remove,node60,5885.462
95024765,remove,node26,9043.4
95057638,remove,node35,776.276
95096184,remove,node38,11713.204
95117512,remove,node17,675.229
95274669,remove,node34,13314.088
95365854,remove,node44,4075.084
95506810,remove,node14,8509.41
95536937,remove,node78,4743.372
95621222,remove,node23,7463.662
95675475,remove,node52,1079.704
95690222,remove,node42,1276.242
95734778,remove,node84,3624.594
95735789,remove,node40,2140.044
95746262,remove,node81,10686.97
95840904,remove,node24,4672.406
95959523,remove,node9,7220.676
96025414,remove,node53,443.889
96122337,remove,node51,4207.46
96323663,remove,node73,2871.793
96327571,remove,node50,949.081
96386401,remove,node15,16971.267
96450307,remove,node61,2545.887
96588547,remove,node21,4431.513
96720000,add,node9,7220.676
96720000,add,node14,8509.41
96720000,add,node15,16971.267
96720000,add,node17,675.229
96720000,add,node21,4431.513
96720000,add,node23,7463.662
96720000,add,node24,4672.406
96720000,add,node26,9043.4
96780000,add,node34,13314.088
96780000,add,node35,776.276
96780000,add,node38,11713.204
96780000,add,node40,2140.044
96780000,add,node42,1276.242
96780000,add,node44,4075.084
96793797,remove,node63,430.857
96938126,remove,node37,6873.144
97078219,remove,node58,3976.433
97260000,add,node37,6873.144
97260000,add,node50,949.081
97260000,add,node51,4207.46
97260000,add,node52,1079.704
97260000,add,node53,443.889
97260000,add,node58,3976.433
97260000,add,node60,5885.462
97260000,add,node61,2545.887
97260000,add,node63,430.857
97260000,add,node67,6093.656
97260000,add,node69,6164.784
97260000,add,node70,1616.898
97260000,add,node73,2871.793
97327656,remove,node41,6405.466
97387194,remove,node48,1731.079
97648398,remove,node39,1240.656
97660742,remove,node62,927.889
97677567,remove,node68,3443.857
97835503,remove,node31,10733.242
97836678,remove,node14,8509.41
97931478,remove,node61,2545.887
97936884,remove,node59,3802.434
97974291,remove,node21,4431.513
97990388,remove,node15,16971.267
98031386,remove,node54,1381.514
98124226,remove,node1,4384.338
98171210,remove,node6,9742.914
98333480,remove,node2,5012.662
98364548,remove,node36,818.598
98374988,remove,node49,5068.222
98400000,add,node1,4384.338
98400000,add,node2,5012.662
98421117,remove,node30,2708.805
98436588,remove,node26,9043.4
98494454,remove,node35,776.276
98506464,remove,node29,15578.053
98507688,remove,node34,13314.088
98663963,remove,node69,6164.784
98760000,add,node6,9742.914
98760000,add,node14,8509.41
98830564,remove,node47,371.661
98888984,remove,node37,6873.144
98948059,remove,node1,4384.338
98972884,remove,node138,26252.884
99041037,remove,node45,6533.516
99069904,remove,node17,675.229
99108818,remove,node46,4441.317
99136031,remove,node58,3976.433
99229183,remove,node132,26509.183
99230689,remove,node7,2397.654
99308032,remove,node71,6214.356
99544726,remove,node55,3616.127
99695040,remove,node85,945.454
99771415,remove,node79,4894.849
99859151,remove,node13,1408.865
99884493,remove,node38,11713.204
99900945,remove,node33,4628.733
100257567,remove,node51,4207.46
100298766,remove,node12,2782.7
100315810,remove,node2,5012.662
100391230,remove,node40,2140.044
100418392,remove,node53,443.889
100420061,remove,node32,9639.579
100465043,remove,node25,12791.206
100582415,remove,node75,1510.375
100692265,remove,node72,4531.716
101137301,remove,node50,949.081
101203425,remove,node64,5890.685
101355215,remove,node5,6606.755
101494477,remove,node63,430.857
101542303,remove,node66,6371.063
101637854,remove,node28,2827.308
102061006,remove,node65,9154.035
102075054,remove,node56,11191.37
102203487,remove,node52,1079.704
102354429,remove,node11,4815.497
102566480,remove,node57,15245.1
102570379,remove,node16,1796.643
102585950,remove,node82,6578.94
102778151,remove,node80,609.466
103588159,remove,node8,11848.793
103729381,remove,node19,410.829
104011099,remove,node73,2871.793
104131489,remove,node4,1330.54
104374949,remove,node14,8509.41
104400000,add,node1,4384.338
104400000,add,node2,5012.662
104400000,add,node4,1330.54
104400000,add,node5,6606.755
104400000,add,node7,2397.654
104400000,add,node8,11848.793
104400000,add,node11,4815.497
104400000,add,node12,2782.7
104400000,add,node13,1408.865
104400000,add,node14,8509.41
104400000,add,node15,16971.267
104400000,add,node16,1796.643
104400000,add,node17,675.229
104400000,add,node19,410.829
104400000,add,node21,4431.513
104400000,add,node25,12791.206
104400000,add,node26,9043.4
104400000,add,node28,2827.308
104400000,add,node29,15578.053
104400000,add,node30,2708.805
104400000,add,node31,10733.242
104400000,add,node32,9639.579
104400000,add,node33,4628.733
104400000,add,node34,13314.088
104400000,add,node35,776.276
104501966,remove,node23,7463.662
104560807,remove,node24,4672.406
104821241,remove,node27,3240.612
104888319,remove,node2,5012.662
104940000,add,node2,5012.662
104940000,add,node23,7463.662
104940000,add,node24,4672.406
104940000,add,node27,3240.612
104940000,add,node36,818.598
104940000,add,node37,6873.144
104940000,add,node38,11713.204
104940000,add,node39,1240.656
104940000,add,node40,2140.044
104940000,add,node41,6405.466
104940000,add,node45,6533.516
104940000,add,node46,4441.317
104940000,add,node47,371.661
104940000,add,node48,1731.079
104940000,add,node49,5068.222
104940000,add,node50,949.081
104940000,add,node51,4207.46
104940000,add,node52,1079.704
104940000,add,node53,443.889
104940000,add,node54,1381.514
104940000,add,node55,3616.127
104940000,add,node56,11191.37
104940000,add,node57,15245.1
105000000,remove,node53,443.889
105077268,remove,node18,5427.393
105286395,remove,node34,13314.088
105350065,remove,node55,3616.127
105600000,add,node18,5427.393
105600000,add,node34,13314.088
105600000,add,node53,443.889
105600000,add,node55,3616.127
105600000,add,node58,3976.433
105600000,add,node59,3802.434
105600000,add,node61,2545.887
105600000,add,node62,927.889
105600000,add,node63,430.857
105600000,add,node64,5890.685
105600000,add,node65,9154.035
105600000,add,node66,6371.063
105600000,add,node68,3443.857
105600000,add,node69,6164.784
105600000,add,node71,6214.356
105614092,remove,node49,5068.222
105870678,remove,node66,6371.063
105875335,remove,node24,4672.406
106041880,remove,node60,5885.462
106369870,remove,node68,3443.857
106585637,remove,node56,11191.37
106726322,remove,node26,9043.4
106733359,remove,node77,212.744
106750081,remove,node42,1276.242
106831503,remove,node69,6164.784
106876361,remove,node43,6870.856
106941649,remove,node21,4431.513
106963444,remove,node29,15578.053
106989491,remove,node11,4815.497
107250576,remove,node10,1469.918
107258536,remove,node2,5012.662
107280000,add,node2,5012.662
107280000,add,node10,1469.918
107280000,add,node11,4815.497
107280000,add,node21,4431.513
107280000,add,node24,4672.406
107280000,add,node26,9043.4
107280000,add,node29,15578.053
107280000,add,node42,1276.242
107280000,add,node43,6870.856
107280000,add,node49,5068.222
107280000,add,node56,11191.37
107280000,add,node60,5885.462
107280000,add,node66,6371.063
107280000,add,node68,3443.857
107280000,add,node69,6164.784
107280000,add,node72,4531.716
107280000,add,node73,2871.793
107280000,add,node74,2820.965
107280000,add,node75,1510.375
107303586,remove,node65,9154.035
107365506,remove,node9,7220.676
107418222,remove,node25,12791.206
107851613,remove,node30,2708.805
107874405,remove,node1,4384.338
107955315,remove,node13,1408.865
107959412,remove,node70,1616.898
108006869,remove,node53,443.889
108125845,remove,node28,2827.308
108240000,add,node1,4384.338
108240000,add,node9,7220.676
108240000,add,node13,1408.865
108240000,add,node25,12791.206
108240000,add,node28,2827.308
108240000,add,node30,2708.805
108240468,remove,node7,2397.654
108260981,remove,node74,2820.965
108300000,add,node7,2397.654
108300000,add,node53,443.889
108300000,add,node65,9154.035
108300000,add,node70,1616.898
108300000,add,node74,2820.965
108300000,add,node76,21354.975
108300000,add,node77,212.744
108300000,add,node78,4743.372
108349045,remove,node50,949.081
108484926,remove,node17,675.229
108632980,remove,node78,4743.372
108637832,remove,node65,9154.035
108666677,remove,node59,3802.434
108744378,remove,node74,2820.965
108817610,remove,node34,13314.088
109152846,remove,node24,4672.406
109169434,remove,node76,21354.975
109261780,remove,node42,1276.242
109270909,remove,node10,1469.918
109275518,remove,node3,254.484
109332127,remove,node58,3976.433
109365924,remove,node68,3443.857
109462926,remove,node57,15245.1
109595286,remove,node51,4207.46
109662320,remove,node54,1381.514
109740000,add,node3,254.484
109740000,add,node10,1469.918
109808648,remove,node16,1796.643
109827157,remove,node37,6873.144
109830205,remove,node32,9639.579
109847729,remove,node66,6371.063
109980000,add,node16,1796.643
109983967,remove,node9,7220.676
110119071,remove,node44,4075.084
110273944,remove,node23,7463.662
110354021,remove,node22,5112.476
110368423,remove,node41,6405.466
110547549,remove,node14,8509.41
110594636,remove,node67,6093.656
110648328,remove,node20,1078.659
110796633,remove,node13,1408.865
110947518,remove,node2,5012.662
110963341,remove,node56,11191.37
111045817,remove,node73,2871.793
111129715,remove,node15,16971.267
111220999,remove,node27,3240.612
111240000,add,node2,5012.662
111240000,add,node9,7220.676
111327840,remove,node55,3616.127
111351328,remove,node77,212.744
111367057,remove,node5,6606.755
111392824,remove,node19,410.829
111397367,remove,node6,9742.914
111414588,remove,node75,1510.375
111420000,add,node5,6606.755
111420000,add,node6,9742.914
111420000,add,node13,1408.865
111420000,add,node14,8509.41
111420000,add,node15,16971.267
111420000,add,node17,675.229
111420000,add,node19,410.829
111420000,add,node20,1078.659
111420000,add,node22,5112.476
111420000,add,node23,7463.662
111420000,add,node24,4672.406
111600000,add,node27,3240.612
111600000,add,node32,9639.579
111600000,add,node34,13314.088
111600000,add,node37,6873.144
111600000,add,node41,6405.466
111600000,add,node42,1276.242
111600000,add,node44,4075.084
111600000,add,node50,949.081
111600000,add,node51,4207.46
111702461,remove,node46,4441.317
111720000,add,node46,4441.317
111720000,add,node54,1381.514
111720000,add,node55,3616.127
111720000,add,node56,11191.37
111720000,add,node57,15245.1
111720000,add,node58,3976.433
111720000,add,node59,3802.434
111720000,add,node65,9154.035
111720000,add,node66,6371.063
111720000,add,node67,6093.656
111720000,add,node68,3443.857
111720000,add,node73,2871.793
111720000,add,node74,2820.965
111720000,add,node75,1510.375
111720000,add,node76,21354.975
111720000,add,node77,212.744
111720000,add,node78,4743.372
111720000,add,node79,4894.849
111720000,add,node80,609.466
111720000,add,node81,10686.97
111720000,add,node82,6578.94
111770889,remove,node64,5890.685
111894290,remove,node28,2827.308
111947224,remove,node68,3443.857
111967892,remove,node9,7220.676
111978357,remove,node25,12791.206
111978457,remove,node20,1078.659
112043351,remove,node32,9639.579
112327431,remove,node67,6093.656
112364638,remove,node44,4075.084
112482750,remove,node40,2140.044
112680000,add,node9,7220.676
112680000,add,node20,1078.659
112680000,add,node25,12791.206
112680000,add,node28,2827.308
112680000,add,node32,9639.579
112680000,add,node40,2140.044
112813707,remove,node16,1796.643
112830587,remove,node81,10686.97
112939832,remove,node46,4441.317
112990643,remove,node35,776.276
113143449,remove,node61,2545.887
113280000,add,node16,1796.643
113283524,remove,node8,11848.793
113288647,remove,node9,7220.676
113340000,add,node8,11848.793
113340000,add,node9,7220.676
113340000,add,node35,776.276
113340000,add,node44,4075.084
113340000,add,node46,4441.317
113340000,add,node61,2545.887
113340000,add,node64,5890.685
113340000,add,node67,6093.656
113340767,remove,node62,927.889
113454986,remove,node6,9742.914
113463957,remove,node3,254.484
113599346,remove,node51,4207.46
113625108,remove,node16,1796.643
113628679,remove,node18,5427.393
113696493,remove,node56,11191.37
113820000,add,node3,254.484
113820000,add,node6,9742.914
113820000,add,node16,1796.643
113820000,add,node18,5427.393
113820000,add,node51,4207.46
113820000,add,node56,11191.37
113820000,add,node62,927.889
113820000,add,node68,3443.857
113820000,add,node81,10686.97
113914952,remove,node73,2871.793
113932694,remove,node40,2140.044
114058314,remove,node30,2708.805
114088076,remove,node45,6533.516
114175212,remove,node41,6405.466
114321572,remove,node31,10733.242
114350148,remove,node24,4672.406
114373990,remove,node48,1731.079
114543374,remove,node43,6870.856
114575935,remove,node34,13314.088
114710628,remove,node11,4815.497
114733935,remove,node4,1330.54
114756680,remove,node75,1510.375
114768663,remove,node16,1796.643
114847187,remove,node20,1078.659
114938840,remove,node80,609.466
115191783,remove,node82,6578.94
115274376,remove,node52,1079.704
115397481,remove,node18,5427.393
115455607,remove,node7,2397.654
115625887,remove,node77,212.744
115862279,remove,node38,11713.204
116011678,remove,node36,818.598
116268831,remove,node68,3443.857
116375763,remove,node3,254.484
116442546,remove,node79,4894.849
116530713,remove,node46,4441.317
116591603,remove,node37,6873.144
116655384,remove,node69,6164.784
116675260,remove,node63,430.857
116921506,remove,node67,6093.656
117057954,remove,node26,9043.4
117078512,remove,node60,5885.462
117092065,remove,node10,1469.918
117149895,remove,node56,11191.37
117557119,remove,node8,11848.793
117584011,remove,node22,5112.476
117660000,add,node3,254.484
117660000,add,node4,1330.54
117660000,add,node7,2397.654
117660000,add,node8,11848.793
117660000,add,node10,1469.918
117660000,add,node11,4815.497
117660000,add,node16,1796.643
117660000,add,node18,5427.393
117660000,add,node20,1078.659
117660000,add,node22,5112.476
117660000,add,node24,4672.406
117660000,add,node26,9043.4
117660000,add,node30,2708.805
117660000,add,node31,10733.242
117660000,add,node34,13314.088
117660000,add,node36,818.598
117660000,add,node37,6873.144
117660000,add,node38,11713.204
117660000,add,node40,2140.044
117660000,add,node41,6405.466
117660000,add,node43,6870.856
117660000,add,node45,6533.516
117660000,add,node46,4441.317
117660000,add,node48,1731.079
117660000,add,node52,1079.704
117660000,add,node56,11191.37
117660000,add,node60,5885.462
117660000,add,node63,430.857
117660000,add,node67,6093.656
117721133,remove,node32,9639.579
117721133,remove,node35,776.276
117725710,remove,node78,4743.372
117739880,remove,node43,6870.856
117952771,remove,node9,7220.676
117957072,remove,node63,430.857
118029589,remove,node64,5890.685
118295020,remove,node47,371.661
118327981,remove,node56,11191.37
118375420,remove,node59,3802.434
118418260,remove,node1,4384.338
118556825,remove,node10,1469.918
118761203,remove,node40,2140.044
118842398,remove,node15,16971.267
118879573,remove,node74,2820.965
118904177,remove,node39,1240.656
118923948,remove,node70,1616.898
118951037,remove,node42,1276.242
118957280,remove,node14,8509.41
118965187,remove,node2,5012.662
119045041,remove,node28,2827.308
119047242,remove,node36,818.598
119196137,remove,node58,3976.433
119288414,remove,node27,3240.612
119321535,remove,node33,4628.733
119329531,remove,node5,6606.755
119385751,remove,node37,6873.144
119448510,remove,node8,11848.793
119460000,add,node1,4384.338
119510536,remove,node45,6533.516
119585105,remove,node24,4672.406
119722430,remove,node17,675.229
119882608,remove,node41,6405.466
119907536,remove,node6,9742.914
120039444,remove,node76,21354.975
120240000,add,node2,5012.662
120240000,add,node5,6606.755
120240000,add,node6,9742.914
120240000,add,node8,11848.793
120240000,add,node9,7220.676
120240000,add,node10,1469.918
120240000,add,node14,8509.41
120240000,add,node15,16971.267
120240000,add,node17,675.229
120240000,add,node24,4672.406
120240000,add,node27,3240.612
120240000,add,node28,2827.308
120240000,add,node32,9639.579
120240000,add,node33,4628.733
120300000,add,node35,776.276
120300000,add,node36,818.598
120300000,add,node37,6873.144
120300000,add,node39,1240.656
120300000,add,node40,2140.044
120300000,add,node41,6405.466
120300000,add,node42,1276.242
120339279,remove,node11,4815.497
120395169,remove,node65,9154.035
120631759,remove,node30,2708.805
120851797,remove,node60,5885.462
120857473,remove,node29,15578.053
120857858,remove,node21,4431.513
120900000,add,node11,4815.497
121474620,remove,node61,2545.887
121489483,remove,node55,3616.127
121524771,remove,node67,6093.656
121563054,remove,node57,15245.1
121664261,remove,node46,4441.317
121887524,remove,node1,4384.338
122142268,remove,node8,11848.793
122151640,remove,node7,2397.654
122197954,remove,node16,1796.643
122230488,remove,node41,6405.466
122479373,remove,node81,10686.97
122725065,remove,node27,3240.612
122770327,remove,node22,5112.476
122830272,remove,node18,5427.393
122977519,remove,node34,13314.088
123147975,remove,node49,5068.222
123254492,remove,node39,1240.656
123383789,remove,node13,1408.865
123427422,remove,node24,4672.406
123449716,remove,node20,1078.659
123482060,remove,node71,6214.356
123577355,remove,node50,949.081
123673525,remove,node12,2782.7
123771974,remove,node6,9742.914
124164792,remove,node44,4075.084
124314503,remove,node40,2140.044
124334139,remove,node33,4628.733
124365344,remove,node31,10733.242
124687698,remove,node32,9639.579
124770737,remove,node17,675.229
124882188,remove,node51,4207.46
124973789,remove,node15,16971.267
125094541,remove,node36,818.598
125160000,add,node1,4384.338
125160000,add,node6,9742.914
125160000,add,node7,2397.654
125160000,add,node8,11848.793
125160000,add,node12,2782.7
125160000,add,node13,1408.865
125160000,add,node15,16971.267
125160000,add,node16,1796.643
125160000,add,node17,675.229
125160000,add,node18,5427.393
125160000,add,node20,1078.659
125362646,remove,node4,1330.54
125421133,remove,node62,927.889
125444759,remove,node2,5012.662
125490619,remove,node20,1078.659
125690782,remove,node66,6371.063
126020256,remove,node38,11713.204
126105315,remove,node6,9742.914
126240000,add,node2,5012.662
126240000,add,node4,1330.54
126240000,add,node6,9742.914
126240000,add,node20,1078.659
126240000,add,node21,4431.513
126240000,add,node22,5112.476
126240000,add,node24,4672.406
126240000,add,node27,3240.612
126240000,add,node29,15578.053
126240000,add,node30,2708.805
126240000,add,node31,10733.242
126240000,add,node32,9639.579
126240000,add,node33,4628.733
126240000,add,node34,13314.088
126240000,add,node36,818.598
126240000,add,node38,11713.204
126564503,remove,node1,4384.338
126720000,add,node1,4384.338
126720000,add,node39,1240.656
126720000,add,node40,2140.044
126720000,add,node41,6405.466
126720000,add,node43,6870.856
126720000,add,node44,4075.084
126720000,add,node45,6533.516
126720000,add,node46,4441.317
126720000,add,node47,371.661
126720000,add,node49,5068.222
126720000,add,node50,949.081
126720000,add,node51,4207.46
126720000,add,node55,3616.127
126789764,remove,node33,4628.733
126842382,remove,node25,12791.206
126922038,remove,node53,443.889
127084953,remove,node4,1330.54
127099360,remove,node26,9043.4
127162068,remove,node11,4815.497
127177547,remove,node2,5012.662
127228873,remove,node28,2827.308
127339231,remove,node20,1078.659
127388268,remove,node36,818.598
127681714,remove,node3,254.484
127860000,add,node2,5012.662
127860000,add,node3,254.484
127860000,add,node4,1330.54
127860000,add,node11,4815.497
127860000,add,node20,1078.659
127860000,add,node25,12791.206
127864681,remove,node37,6873.144
127867895,remove,node19,410.829
128015443,remove,node4,1330.54
128030267,remove,node29,15578.053
128121498,remove,node27,3240.612
128275549,remove,node12,2782.7
128346614,remove,node50,949.081
128451729,remove,node9,7220.676
128502191,remove,node18,5427.393
128520000,add,node4,1330.54
128541435,remove,node32,9639.579
128788896,remove,node39,1240.656
128880000,add,node9,7220.676
128888936,remove,node42,1276.242
128922551,remove,node55,3616.127
129051662,remove,node40,2140.044
129057794,remove,node16,1796.643
129113822,remove,node20,1078.659
129174967,remove,node6,9742.914
129209153,remove,node13,1408.865
129300000,add,node6,9742.914
129300000,add,node12,2782.7
129300000,add,node13,1408.865
129300000,add,node16,1796.643
129300000,add,node18,5427.393
129300000,add,node19,410.829
129300000,add,node20,1078.659
129407586,remove,node46,4441.317
129443922,remove,node11,4815.497
129600000,add,node11,4815.497
129600000,add,node26,9043.4
129600000,add,node27,3240.612
129600000,add,node28,2827.308
129600000,add,node29,15578.053
129600000,add,node32,9639.579
129600000,add,node33,4628.733
129600000,add,node36,818.598
129600000,add,node37,6873.144
129600000,add,node39,1240.656
129600000,add,node40,2140.044
129600000,add,node42,1276.242
129600000,add,node46,4441.317
129600000,add,node50,949.081
129600000,add,node53,443.889
129600000,add,node55,3616.127
129623080,remove,node13,1408.865
129764350,remove,node5,6606.755
130033155,remove,node14,8509.41
130170831,remove,node54,1381.514
130410987,remove,node19,410.829
130490596,remove,node9,7220.676
130558347,remove,node45,6533.516
130560000,add,node5,6606.755
130560000,add,node9,7220.676
130560000,add,node13,1408.865
130560000,add,node14,8509.41
130560000,add,node19,410.829
130560000,add,node45,6533.516
130560000,add,node54,1381.514
130560000,add,node56,11191.37
130560000,add,node57,15245.1
130560000,add,node58,3976.433
130560000,add,node59,3802.434
130560000,add,node60,5885.462
130560000,add,node61,2545.887
130560000,add,node62,927.889
130560000,add,node63,430.857
130560000,add,node64,5890.685
130560000,add,node65,9154.035
130560000,add,node66,6371.063
130560000,add,node67,6093.656
130560000,add,node68,3443.857
130560000,add,node69,6164.784
130560000,add,node70,1616.898
130560000,add,node71,6214.356
130560000,add,node73,2871.793
130560700,remove,node25,12791.206
130620000,remove,node5,6606.755
130707535,remove,node44,4075.084
130740000,add,node5,6606.755
130740000,add,node25,12791.206
130740000,add,node44,4075.084
130881460,remove,node72,4531.716
130895114,remove,node28,2827.308
130934273,remove,node15,16971.267
131256880,remove,node3,254.484
131261221,remove,node46,4441.317
131269695,remove,node26,9043.4
131340000,add,node3,254.484
131340000,add,node15,16971.267
131340000,add,node26,9043.4
131340000,add,node28,2827.308
131340000,add,node46,4441.317
131340000,add,node72,4531.716
131340000,add,node74,2820.965
131340000,add,node75,1510.375
131340000,add,node76,21354.975
131340000,add,node77,212.744
131340000,add,node78,4743.372
131340000,add,node79,4894.849
131340000,add,node80,609.466
131340000,add,node81,10686.97
131340000,add,node82,6578.94
131340000,add,node83,3990.88
131400000,add,node84,3624.594
131400000,add,node85,945.454
131400000,add,node86,3610.142
131400000,add,node87,3535.567
131400000,add,node88,3913.897
131400000,add,node89,2371.976
131400000,add,node90,2252.836
131400000,add,node91,4912.889
131400000,add,node92,671.452
131400000,add,node93,5836.004
131400000,add,node94,2751.742
131400000,add,node95,4862.666
131400000,add,node96,8994.215
131400000,add,node97,15818.101
131400000,add,node98,5689.622
131400000,add,node99,567.324
131400000,add,node100,3378.111
131400000,add,node101,2062.0
131400000,add,node102,8344.079
131400000,add,node103,8928.185
131400000,add,node104,5373.822
131400000,add,node105,3771.006
131400000,add,node106,1202.292
131400000,add,node107,3965.612
131400000,add,node108,4323.625
131400000,add,node109,9629.055
131400000,add,node110,2270.357
131400000,add,node111,3434.786
131400000,add,node112,10368.632
131400000,add,node113,2538.89
131400000,add,node114,11110.478
131400000,add,node115,1696.98
131400000,add,node116,4261.139
131587264,remove,node27,3240.612
131639732,remove,node80,609.466
131715939,remove,node64,5890.685
131757627,remove,node87,3535.567
131776625,remove,node39,1240.656
131803571,remove,node63,430.857
131807859,remove,node35,776.276
131870534,remove,node11,4815.497
131936701,remove,node12,2782.7
131938697,remove,node97,15818.101
131949895,remove,node69,6164.784
132031218,remove,node104,5373.822
132069855,remove,node19,410.829
132074808,remove,node43,6870.856
132083134,remove,node101,2062.0
132099056,remove,node98,5689.622
132153103,remove,node105,3771.006
132270887,remove,node62,927.889
132271271,remove,node6,9742.914
132438503,remove,node93,5836.004
132466369,remove,node86,3610.142
132552775,remove,node114,11110.478
132585286,remove,node30,2708.805
132749099,remove,node51,4207.46
132786964,remove,node8,11848.793
132949939,remove,node68,3443.857
132955451,remove,node31,10733.242
132960209,remove,node81,10686.97
132981289,remove,node59,3802.434
133042011,remove,node22,5112.476
133047132,remove,node82,6578.94
133050928,remove,node95,4862.666
133083869,remove,node21,4431.513
133143584,remove,node26,9043.4
133150563,remove,node41,6405.466
133162941,remove,node72,4531.716
133278452,remove,node66,6371.063
133324790,remove,node60,5885.462
133341285,remove,node53,443.889
133424580,remove,node10,1469.918
133467724,remove,node52,1079.704
133497739,remove,node65,9154.035
133500000,add,node6,9742.914
133500000,add,node8,11848.793
133500000,add,node10,1469.918
133500000,add,node11,4815.497
133500000,add,node12,2782.7
133500000,add,node19,410.829
133500000,add,node21,4431.513
133500000,add,node22,5112.476
133500000,add,node26,9043.4
133500000,add,node27,3240.612
133565052,remove,node115,1696.98
133699026,remove,node49,5068.222
133769381,remove,node9,7220.676
133774496,remove,node113,2538.89
133904048,remove,node76,21354.975
133906256,remove,node106,1202.292
133910441,remove,node90,2252.836
133953311,remove,node56,11191.37
133978024,remove,node84,3624.594
134081199,remove,node88,3913.897
134096101,remove,node100,3378.111
134122859,remove,node23,7463.662
134157890,remove,node4,1330.54
134189822,remove,node18,5427.393
134247242,remove,node5,6606.755
134405946,remove,node71,6214.356
134431669,remove,node108,4323.625
134575748,remove,node67,6093.656
134580000,add,node4,1330.54
134580000,add,node5,6606.755
134580000,add,node9,7220.676
134580000,add,node18,5427.393
134580000,add,node23,7463.662
134580000,add,node30,2708.805
134590898,remove,node103,8928.185
134624449,remove,node12,2782.7
134664887,remove,node18,5427.393
134688233,remove,node8,11848.793
134694903,remove,node61,2545.887
134720744,remove,node75,1510.375
134775393,remove,node24,4672.406
134998634,remove,node38,11713.204
135066033,remove,node109,9629.055
135091911,remove,node99,567.324
135224393,remove,node37,6873.144
135360000,add,node8,11848.793
135360000,add,node12,2782.7
135525077,remove,node55,3616.127
135637383,remove,node111,3434.786
135649332,remove,node91,4912.889
135695180,remove,node29,15578.053
135702509,remove,node48,1731.079
135793428,remove,node21,4431.513
135882495,remove,node28,2827.308
136213155,remove,node30,2708.805
136320000,add,node18,5427.393
136320000,add,node21,4431.513
136320000,add,node24,4672.406
136320000,add,node28,2827.308
136320000,add,node29,15578.053
136320000,add,node30,2708.805
136320000,add,node31,10733.242
136320000,add,node35,776.276
136320000,add,node37,6873.144
136369545,remove,node36,818.598
136492256,remove,node78,4743.372
136517823,remove,node29,15578.053
136645376,remove,node15,16971.267
136686215,remove,node27,3240.612
136724792,remove,node1,4384.338
136794341,remove,node57,15245.1
136869365,remove,node44,4075.084
137148086,remove,node8,11848.793
137160000,add,node1,4384.338
137314682,remove,node40,2140.044
137320968,remove,node13,1408.865
137460000,add,node8,11848.793
137460000,add,node13,1408.865
137460000,add,node15,16971.267
137585041,remove,node34,13314.088
137711795,remove,node112,10368.632
138000000,add,node27,3240.612
138000000,add,node29,15578.053
138000000,add,node34,13314.088
138000000,add,node36,818.598
138060000,add,node38,11713.204
138060000,add,node39,1240.656
138060000,add,node40,2140.044
138060000,add,node41,6405.466
138060000,add,node43,6870.856
138060000,add,node44,4075.084
138060000,add,node48,1731.079
138060000,add,node49,5068.222
138060000,add,node51,4207.46
138340174,remove,node17,675.229
138399154,remove,node110,2270.357
138439514,remove,node27,3240.612
138529629,remove,node16,1796.643
138555254,remove,node50,949.081
138820794,remove,node73,2871.793
138840000,add,node16,1796.643
138840000,add,node17,675.229
138840000,add,node27,3240.612
138840000,add,node50,949.081
138840000,add,node52,1079.704
138840000,add,node53,443.889
138840000,add,node55,3616.127
138840000,add,node56,11191.37
138840000,add,node57,15245.1
138840000,add,node59,3802.434
138840000,add,node60,5885.462
138910953,remove,node1,4384.338
138918160,remove,node37,6873.144
138937495,remove,node29,15578.053
139000964,remove,node42,1276.242
139063527,remove,node14,8509.41
139226564,remove,node2,5012.662
139520946,remove,node52,1079.704
139658758,remove,node47,371.661
139740000,add,node1,4384.338
139740000,add,node2,5012.662
139740000,add,node14,8509.41
139740000,add,node29,15578.053
139740000,add,node37,6873.144
139740000,add,node42,1276.242
139740000,add,node47,371.661
139740000,add,node52,1079.704
139740000,add,node61,2545.887
139800000,add,node62,927.889
139800000,add,node63,430.857
139800000,add,node64,5890.685
139800000,add,node65,9154.035
139800000,add,node66,6371.063
139800000,add,node67,6093.656
139800000,add,node68,3443.857
139800000,add,node69,6164.784
139800000,add,node71,6214.356
139800000,add,node72,4531.716
139837303,remove,node9,7220.676
139926032,remove,node40,2140.044
139953229,remove,node30,2708.805
139991925,remove,node46,4441.317
140099531,remove,node68,3443.857
140150671,remove,node35,776.276
140252782,remove,node32,9639.579
140282649,remove,node67,6093.656
140291939,remove,node62,927.889
140303536,remove,node51,4207.46
140309764,remove,node52,1079.704
140321006,remove,node8,11848.793
140544118,remove,node59,3802.434
140716019,remove,node6,9742.914
140759950,remove,node56,11191.37
140825553,remove,node41,6405.466
140932184,remove,node55,3616.127
140950652,remove,node17,675.229
140999889,remove,node19,410.829
141049694,remove,node47,371.661
141171680,remove,node16,1796.643
141228202,remove,node64,5890.685
141306083,remove,node3,254.484
141383494,remove,node11,4815.497
141460754,remove,node2,5012.662
141468503,remove,node96,8994.215
141495137,remove,node79,4894.849
141620398,remove,node28,2827.308
141653343,remove,node38,11713.204
141751066,remove,node7,2397.654
141874334,remove,node18,5427.393
141914290,remove,node29,15578.053
141938586,remove,node53,443.889
142080000,add,node2,5012.662
142080000,add,node3,254.484
142080000,add,node6,9742.914
142080000,add,node7,2397.654
142080000,add,node8,11848.793
142080000,add,node9,7220.676
142349435,remove,node14,8509.41
142389473,remove,node9,7220.676
142583378,remove,node102,8344.079
142804866,remove,node20,1078.659
142831605,remove,node92,671.452
142849020,remove,node54,1381.514
142884000,remove,node13,1408.865
143046958,remove,node4,1330.54
143400000,add,node4,1330.54
143400000,add,node9,7220.676
143400000,add,node11,4815.497
143400000,add,node13,1408.865
143400000,add,node14,8509.41
143400000,add,node16,1796.643
143460000,add,node17,675.229
143460000,add,node18,5427.393
143460000,add,node19,410.829
143460000,add,node20,1078.659
143460000,add,node28,2827.308
143509183,remove,node23,7463.662
143662855,remove,node37,6873.144
143670705,remove,node50,949.081
143876798,remove,node83,3990.88
143883822,remove,node63,430.857
143916822,remove,node58,3976.433
143950312,remove,node4,1330.54
144028527,remove,node44,4075.084
144088724,remove,node6,9742.914
144220900,remove,node20,1078.659
144228467,remove,node34,13314.088
144351720,remove,node70,1616.898
144492788,remove,node94,2751.742
144515652,remove,node60,5885.462
144581714,remove,node19,410.829
144634061,remove,node16,1796.643
144707341,remove,node116,4261.139
144727815,remove,node15,16971.267
144760443,remove,node28,2827.308
144780000,add,node4,1330.54
144780000,add,node6,9742.914
144780000,add,node15,16971.267
144780000,add,node16,1796.643
144780000,add,node19,410.829
144780000,add,node20,1078.659
144780000,add,node23,7463.662
145124951,remove,node23,7463.662
145198182,remove,node89,2371.976
145260000,add,node23,7463.662
145260000,add,node28,2827.308
145260000,add,node29,15578.053
145260000,add,node30,2708.805
145260000,add,node32,9639.579
145260000,add,node34,13314.088
145260000,add,node35,776.276
145260000,add,node37,6873.144
145260000,add,node38,11713.204
145260000,add,node40,2140.044
145260000,add,node41,6405.466
145380000,add,node44,4075.084
145380000,add,node46,4441.317
145380000,add,node47,371.661
145380000,add,node50,949.081
145380000,add,node51,4207.46
145380000,add,node52,1079.704
145380000,add,node53,443.889
145380000,add,node54,1381.514
145380000,add,node55,3616.127
145380000,add,node56,11191.37
145380000,add,node58,3976.433
145380000,add,node59,3802.434
145380000,add,node60,5885.462
145380000,add,node62,927.889
145380000,add,node63,430.857
145380000,add,node64,5890.685
145380000,add,node67,6093.656
145380000,add,node68,3443.857
145380000,add,node70,1616.898
145452189,remove,node23,7463.662
145471312,remove,node56,11191.37
145477050,remove,node44,4075.084
145500000,add,node23,7463.662
145500000,add,node44,4075.084
145500000,add,node56,11191.37
145500000,add,node73,2871.793
145500000,add,node75,1510.375
145500000,add,node76,21354.975
145500000,add,node78,4743.372
145500000,add,node79,4894.849
145500000,add,node80,609.466
145500000,add,node81,10686.97
145500000,add,node82,6578.94
145500000,add,node83,3990.88
145500000,add,node84,3624.594
145500000,add,node86,3610.142
145500000,add,node87,3535.567
145500000,add,node88,3913.897
145500000,add,node89,2371.976
145500000,add,node90,2252.836
145500000,add,node91,4912.889
145500000,add,node92,671.452
145500000,add,node93,5836.004
145500000,add,node94,2751.742
145608068,remove,node49,5068.222
145686514,remove,node65,9154.035
145693565,remove,node47,371.661
145750740,remove,node37,6873.144
145789236,remove,node69,6164.784
145908488,remove,node60,5885.462
145934236,remove,node22,5112.476
145944553,remove,node5,6606.755
145981389,remove,node25,12791.206
146045956,remove,node29,15578.053
146125503,remove,node107,3965.612
146318536,remove,node55,3616.127
146327970,remove,node31,10733.242
146353983,remove,node36,818.598
146400000,add,node5,6606.755
146400000,add,node22,5112.476
146400000,add,node25,12791.206
146400000,add,node29,15578.053
146400000,add,node31,10733.242
146400000,add,node36,818.598
146400000,add,node37,6873.144
146400000,add,node47,371.661
146400000,add,node49,5068.222
146400000,add,node55,3616.127
146400000,add,node60,5885.462
146400000,add,node65,9154.035
146400000,add,node69,6164.784
146400000,add,node95,4862.666
146400000,add,node96,8994.215
146400000,add,node97,15818.101
146400000,add,node98,5689.622
146400000,add,node99,567.324
146400000,add,node100,3378.111
146403920,remove,node30,2708.805
146473898,remove,node45,6533.516
146475668,remove,node86,3610.142
146515276,remove,node89,2371.976
146616054,remove,node84,3624.594
146649802,remove,node27,3240.612
146653590,remove,node41,6405.466
146895396,remove,node79,4894.849
146900414,remove,node49,5068.222
146903639,remove,node48,1731.079
146958892,remove,node16,1796.643
147041378,remove,node7,2397.654
147099049,remove,node54,1381.514
147235554,remove,node60,5885.462
147290909,remove,node100,3378.111
147337772,remove,node66,6371.063
147350481,remove,node12,2782.7
147375975,remove,node78,4743.372
147411301,remove,node82,6578.94
147477516,remove,node85,945.454
147539880,remove,node2,5012.662
147569333,remove,node98,5689.622
147687713,remove,node18,5427.393
147689298,remove,node11,4815.497
148013344,remove,node1,4384.338
148073917,remove,node50,949.081
148112987,remove,node74,2820.965
148176165,remove,node47,371.661
148235494,remove,node21,4431.513
148581780,remove,node8,11848.793
148589292,remove,node17,675.229
148596750,remove,node34,13314.088
148627087,remove,node73,2871.793
148659409,remove,node19,410.829
148732810,remove,node13,1408.865
148759467,remove,node97,15818.101
148841074,remove,node36,818.598
148862239,remove,node87,3535.567
148867514,remove,node68,3443.857
148885865,remove,node99,567.324
148962222,remove,node40,2140.044
148974799,remove,node56,11191.37
149033033,remove,node10,1469.918
149162275,remove,node90,2252.836
149198508,remove,node14,8509.41
149224935,remove,node3,254.484
149232133,remove,node75,1510.375
149262354,remove,node51,4207.46
149336069,remove,node91,4912.889
149520000,add,node1,4384.338
149663521,remove,node59,3802.434
149697476,remove,node55,3616.127
149703772,remove,node67,6093.656
149757211,remove,node38,11713.204
149838464,remove,node32,9639.579
150092346,remove,node70,1616.898
150119916,remove,node72,4531.716
150146187,remove,node33,4628.733
150164536,remove,node57,15245.1
150276649,remove,node9,7220.676
150311799,remove,node29,15578.053
150600000,add,node2,5012.662
150600000,add,node3,254.484
150600000,add,node7,2397.654
150600000,add,node8,11848.793
150600000,add,node9,7220.676
150600000,add,node10,1469.918
150600000,add,node11,4815.497
150600000,add,node12,2782.7
150600000,add,node13,1408.865
150600000,add,node14,8509.41
150600000,add,node16,1796.643
150600000,add,node17,675.229
150600000,add,node18,5427.393
150822066,remove,node94,2751.742
151006347,remove,node4,1330.54
151098207,remove,node13,1408.865
151103464,remove,node62,927.889
151147994,remove,node93,5836.004
151266455,remove,node71,6214.356
151580262,remove,node83,3990.88
151699884,remove,node81,10686.97
151876623,remove,node37,6873.144
151879594,remove,node44,4075.084
151944962,remove,node58,3976.433
152348931,remove,node9,7220.676
152627187,remove,node80,609.466
152709833,remove,node23,7463.662
152724602,remove,node18,5427.393
152828197,remove,node26,9043.4
152877411,remove,node8,11848.793
152995010,remove,node77,212.744
153121662,remove,node95,4862.666
153139908,remove,node22,5112.476
153480000,add,node4,1330.54
153480000,add,node8,11848.793
153480000,add,node9,7220.676
153480000,add,node13,1408.865
153480000,add,node18,5427.393
153480000,add,node19,410.829
153480000,add,node21,4431.513
153480000,add,node22,5112.476
153480000,add,node23,7463.662
153480000,add,node26,9043.4
153480000,add,node27,3240.612
153480000,add,node29,15578.053
153480000,add,node30,2708.805
153480000,add,node32,9639.579
153611425,remove,node52,1079.704
153619615,remove,node96,8994.215
153740430,remove,node53,443.889
153808623,remove,node26,9043.4
154042799,remove,node65,9154.035
154162451,remove,node22,5112.476
154180669,remove,node29,15578.053
154187925,remove,node7,2397.654
154218064,remove,node63,430.857
154223054,remove,node42,1276.242
154260000,add,node7,2397.654
154260000,add,node22,5112.476
154330886,remove,node64,5890.685
154363548,remove,node16,1796.643
154391595,remove,node8,11848.793
154475425,remove,node30,2708.805
154537358,remove,node4,1330.54
154645330,remove,node23,7463.662
154803270,remove,node2,5012.662
154837318,remove,node14,8509.41
154852534,remove,node11,4815.497
154980000,add,node2,5012.662
154980000,add,node4,1330.54
154980000,add,node8,11848.793
155042571,remove,node6,9742.914
155403780,remove,node43,6870.856
155491737,remove,node24,4672.406
155520000,add,node6,9742.914
155520000,add,node11,4815.497
155520000,add,node14,8509.41
155520000,add,node16,1796.643
155520000,add,node23,7463.662
155520000,add,node24,4672.406
155520000,add,node26,9043.4
155520000,add,node29,15578.053
155520000,add,node30,2708.805
155520000,add,node33,4628.733
155520000,add,node34,13314.088
155520000,add,node36,818.598
155520000,add,node37,6873.144
155520000,add,node38,11713.204
155520000,add,node40,2140.044
155572894,remove,node10,1469.918
155580000,remove,node26,9043.4
155660791,remove,node35,776.276
155762573,remove,node16,1796.643
155886488,remove,node5,6606.755
155937546,remove,node4,1330.54
156209186,remove,node30,2708.805
156324429,remove,node34,13314.088
156412374,remove,node28,2827.308
156447451,remove,node9,7220.676
156465812,remove,node27,3240.612
156480000,add,node4,1330.54
156480000,add,node5,6606.755
156480000,add,node9,7220.676
156480000,add,node10,1469.918
156480000,add,node16,1796.643
156480000,add,node26,9043.4
156480000,add,node27,3240.612
156480000,add,node28,2827.308
156480000,add,node30,2708.805
156480000,add,node34,13314.088
156480000,add,node35,776.276
156480000,add,node41,6405.466
156480000,add,node42,1276.242
156480000,add,node43,6870.856
156480000,add,node44,4075.084
156487638,remove,node23,7463.662
156678453,remove,node41,6405.466
156861090,remove,node9,7220.676
156951064,remove,node19,410.829
157190206,remove,node31,10733.242
157198834,remove,node3,254.484
157212826,remove,node34,13314.088
157318736,remove,node44,4075.084
157368537,remove,node12,2782.7
157422554,remove,node2,5012.662
157550403,remove,node30,2708.805
157593715,remove,node61,2545.887
157668886,remove,node35,776.276
157800000,add,node2,5012.662
157800000,add,node3,254.484
157800000,add,node9,7220.676
157800000,add,node12,2782.7
157800000,add,node19,410.829
157800000,add,node23,7463.662
157800000,add,node30,2708.805
157800000,add,node31,10733.242
157800000,add,node34,13314.088
157800000,add,node35,776.276
157800000,add,node41,6405.466
157800000,add,node44,4075.084
157800000,add,node45,6533.516
157994967,remove,node22,5112.476
158160000,add,node22,5112.476
158160000,add,node47,371.661
158160000,add,node48,1731.079
158160000,add,node49,5068.222
158160000,add,node50,949.081
158160000,add,node51,4207.46
158160000,add,node52,1079.704
158160000,add,node53,443.889
158160000,add,node54,1381.514
158160000,add,node55,3616.127
158160000,add,node56,11191.37
158160000,add,node57,15245.1
158280000,add,node58,3976.433
158280000,add,node59,3802.434
158280000,add,node60,5885.462
158280000,add,node61,2545.887
158280000,add,node62,927.889
158280000,add,node63,430.857
158335274,remove,node33,4628.733
158392150,remove,node9,7220.676
158565449,remove,node12,2782.7
158657220,remove,node57,15245.1
158761336,remove,node18,5427.393
158800483,remove,node29,15578.053
158852196,remove,node25,12791.206
158990909,remove,node4,1330.54
159014550,remove,node50,949.081
159060000,add,node4,1330.54
159060000,add,node9,7220.676
159060000,add,node12,2782.7
159060000,add,node18,5427.393
159060000,add,node25,12791.206
159060000,add,node29,15578.053
159060000,add,node33,4628.733
159060000,add,node50,949.081
159067067,remove,node11,4815.497
159679491,remove,node46,4441.317
159737352,remove,node53,443.889
159971854,remove,node52,1079.704
159975541,remove,node3,254.484
160035037,remove,node27,3240.612
160177424,remove,node10,1469.918
160248954,remove,node35,776.276
160260000,add,node3,254.484
160260000,add,node10,1469.918
160277468,remove,node59,3802.434
160294857,remove,node44,4075.084
160320000,add,node11,4815.497
160407311,remove,node16,1796.643
160451680,remove,node37,6873.144
160531151,remove,node39,1240.656
160684499,remove,node24,4672.406
160965326,remove,node10,1469.918
160977367,remove,node21,4431.513
161057174,remove,node45,6533.516
161074146,remove,node61,2545.887
161100000,add,node10,1469.918
161100000,add,node16,1796.643
161100000,add,node21,4431.513
161100000,add,node24,4672.406
161100000,add,node27,3240.612
161100000,add,node35,776.276
161124173,remove,node40,2140.044
161160000,add,node37,6873.144
161160000,add,node39,1240.656
161160000,add,node40,2140.044
161160000,add,node44,4075.084
161160000,add,node45,6533.516
161160000,add,node46,4441.317
161160000,add,node52,1079.704
161160000,add,node53,443.889
161160000,add,node57,15245.1
161160000,add,node59,3802.434
161160000,add,node61,2545.887
161160000,add,node64,5890.685
161160000,add,node65,9154.035
161173975,remove,node13,1408.865
161201398,remove,node8,11848.793
161278698,remove,node20,1078.659
161357188,remove,node28,2827.308
161403575,remove,node5,6606.755
161423088,remove,node17,675.229
161474151,remove,node57,15245.1
161577882,remove,node50,949.081
161624801,remove,node62,927.889
161948120,remove,node58,3976.433
162000000,add,node5,6606.755
162000000,add,node8,11848.793
162000000,add,node13,1408.865
162000000,add,node17,675.229
162000000,add,node20,1078.659
162000000,add,node28,2827.308
162000000,add,node50,949.081
162000000,add,node57,15245.1
162000000,add,node58,3976.433
162000000,add,node62,927.889
162000000,add,node66,6371.063
162000000,add,node67,6093.656
162000000,add,node68,3443.857
162000000,add,node70,1616.898
162000000,add,node71,6214.356
162000000,add,node72,4531.716
162000000,add,node73,2871.793
162000000,add,node74,2820.965
162000000,add,node75,1510.375
162000000,add,node77,212.744
162000000,add,node78,4743.372
162000000,add,node79,4894.849
162000000,add,node80,609.466
162000000,add,node81,10686.97
162267253,remove,node71,6214.356
162334898,remove,node28,2827.308
162336924,remove,node36,818.598
162365657,remove,node20,1078.659
162398398,remove,node64,5890.685
162416845,remove,node62,927.889
162507953,remove,node4,1330.54
162557384,remove,node41,6405.466
162644409,remove,node72,4531.716
162653419,remove,node47,371.661
162711639,remove,node17,675.229
162950779,remove,node2,5012.662
163012479,remove,node48,1731.079
163080000,add,node2,5012.662
163080000,add,node4,1330.54
163080000,add,node17,675.229
163080000,add,node20,1078.659
163080000,add,node28,2827.308
163080000,add,node36,818.598
163080731,remove,node40,2140.044
163207794,remove,node63,430.857
163260000,add,node40,2140.044
163260000,add,node41,6405.466
163260000,add,node47,371.661
163260000,add,node48,1731.079
163260000,add,node62,927.889
163260000,add,node63,430.857
163260000,add,node64,5890.685
163260000,add,node71,6214.356
163260000,add,node72,4531.716
163260000,add,node82,6578.94
163260000,add,node83,3990.88
163260000,add,node84,3624.594
163260000,add,node85,945.454
163260000,add,node86,3610.142
163260000,add,node87,3535.567
163260000,add,node89,2371.976
163260000,add,node90,2252.836
163260000,add,node91,4912.889
163267074,remove,node65,9154.035
163440000,add,node65,9154.035
163591445,remove,node81,10686.97
163601200,remove,node83,3990.88
163611674,remove,node84,3624.594
163613799,remove,node29,15578.053
163620000,add,node29,15578.053
163620000,add,node81,10686.97
163620000,add,node83,3990.88
163620000,add,node84,3624.594
163620000,add,node93,5836.004
163620000,add,node94,2751.742
163620000,add,node95,4862.666
163620000,add,node96,8994.215
163620000,add,node97,15818.101
163620000,add,node98,5689.622
163620000,add,node99,567.324
163620000,add,node100,3378.111
163620000,add,node101,2062.0
163620000,add,node102,8344.079
163620000,add,node103,8928.185
163620000,add,node104,5373.822
163620000,add,node105,3771.006
163620000,add,node106,1202.292
163667396,remove,node30,2708.805
163677365,remove,node69,6164.784
163704078,remove,node83,3990.88
163727621,remove,node86,3610.142
163737129,remove,node81,10686.97
163796824,remove,node67,6093.656
163865155,remove,node26,9043.4
163868548,remove,node1,4384.338
163892107,remove,node17,675.229
163949262,remove,node6,9742.914
164018330,remove,node12,2782.7
164024590,remove,node31,10733.242
164099749,remove,node43,6870.856
164272087,remove,node11,4815.497
164319191,remove,node7,2397.654
164364975,remove,node42,1276.242
164379392,remove,node48,1731.079
164413305,remove,node38,11713.204
164438901,remove,node101,2062.0
164473967,remove,node23,7463.662
164727964,remove,node85,945.454
164762787,remove,node82,6578.94
165143467,remove,node75,1510.375
165191011,remove,node106,1202.292
165273348,remove,node93,5836.004
165388272,remove,node19,410.829
165388339,remove,node21,4431.513
165415478,remove,node40,2140.044
165456308,remove,node76,21354.975
165480000,add,node1,4384.338
165480000,add,node6,9742.914
165480000,add,node7,2397.654
165480000,add,node11,4815.497
165496721,remove,node96,8994.215
165615023,remove,node88,3913.897
165666367,remove,node22,5112.476
165777776,remove,node50,949.081
165801412,remove,node55,3616.127
165818683,remove,node65,9154.035
165828192,remove,node90,2252.836
165881015,remove,node89,2371.976
165971925,remove,node11,4815.497
165997540,remove,node80,609.466
166099029,remove,node4,1330.54
166099237,remove,node15,16971.267
166187184,remove,node35,776.276
166241459,remove,node25,12791.206
166309976,remove,node60,5885.462
166321553,remove,node97,15818.101
166354939,remove,node14,8509.41
166374415,remove,node103,8928.185
166533735,remove,node71,6214.356
166680000,add,node4,1330.54
166680000,add,node11,4815.497
166680000,add,node12,2782.7
166680000,add,node14,8509.41
166680000,add,node15,16971.267
166680000,add,node17,675.229
166680000,add,node19,410.829
166680000,add,node21,4431.513
166680000,add,node22,5112.476
166680000,add,node23,7463.662
166680000,add,node25,12791.206
166680247,remove,node73,2871.793
166700034,remove,node33,4628.733
166719253,remove,node92,671.452
166724966,remove,node27,3240.612
166740000,add,node26,9043.4
166740000,add,node27,3240.612
166740000,add,node30,2708.805
166740000,add,node31,10733.242
166740000,add,node33,4628.733
166740000,add,node35,776.276
166740000,add,node38,11713.204
166967551,remove,node2,5012.662
167133503,remove,node4,1330.54
167269715,remove,node12,2782.7
167280000,add,node2,5012.662
167280000,add,node4,1330.54
167280000,add,node12,2782.7
167280000,add,node40,2140.044
167280000,add,node42,1276.242
167280000,add,node43,6870.856
167280000,add,node48,1731.079
167280000,add,node50,949.081
167339366,remove,node9,7220.676
167379347,remove,node56,11191.37
167385541,remove,node27,3240.612
167417516,remove,node94,2751.742
167510773,remove,node19,410.829
167531431,remove,node52,1079.704
167569591,remove,node74,2820.965
167640000,add,node9,7220.676
167640000,add,node19,410.829
167640000,add,node27,3240.612
167640000,add,node52,1079.704
167640000,add,node55,3616.127
167761549,remove,node105,3771.006
167839525,remove,node78,4743.372
167902639,remove,node99,567.324
167942552,remove,node10,1469.918
168308337,remove,node20,1078.659
168323843,remove,node5,6606.755
168402908,remove,node25,12791.206
168480000,add,node5,6606.755
168480000,add,node10,1469.918
168480000,add,node20,1078.659
168480000,add,node25,12791.206
168480000,add,node56,11191.37
168480000,add,node60,5885.462
168480000,add,node65,9154.035
168480000,add,node67,6093.656
168480000,add,node69,6164.784
168480000,add,node71,6214.356
168480000,add,node73,2871.793
168480000,add,node74,2820.965
168480000,add,node75,1510.375
168480000,add,node76,21354.975
168480000,add,node78,4743.372
168480000,add,node80,609.466
168480000,add,node81,10686.97
168480000,add,node82,6578.94
168480000,add,node83,3990.88
168480000,add,node85,945.454
168480000,add,node86,3610.142
168480000,add,node88,3913.897
168480000,add,node89,2371.976
168480000,add,node90,2252.836
168480000,add,node92,671.452
168480000,add,node93,5836.004
168480000,add,node94,2751.742
168480000,add,node96,8994.215
168480000,add,node97,15818.101
168480000,add,node99,567.324
168480000,add,node101,2062.0
168480000,add,node103,8928.185
168480000,add,node105,3771.006
168480000,add,node106,1202.292
168480000,add,node107,3965.612
168480000,add,node108,4323.625
168480000,add,node109,9629.055
168540000,add,node110,2270.357
168574806,remove,node45,6533.516
168624457,remove,node12,2782.7
168629703,remove,node3,254.484
168667685,remove,node26,9043.4
168676630,remove,node9,7220.676
168763640,remove,node38,11713.204
168787075,remove,node58,3976.433
168959724,remove,node8,11848.793
169015325,remove,node25,12791.206
169082494,remove,node76,21354.975
169118227,remove,node28,2827.308
169194335,remove,node15,16971.267
169249491,remove,node48,1731.079
169290617,remove,node47,371.661
169302656,remove,node98,5689.622
169310496,remove,node60,5885.462
169354436,remove,node7,2397.654
169423195,remove,node36,818.598
169433304,remove,node34,13314.088
169524774,remove,node37,6873.144
169537642,remove,node1,4384.338
169554152,remove,node59,3802.434
169683133,remove,node4,1330.54
169808941,remove,node96,8994.215
169816363,remove,node66,6371.063
169816577,remove,node100,3378.111
169816581,remove,node43,6870.856
169817612,remove,node39,1240.656
169819016,remove,node57,15245.1
169822903,remove,node81,10686.97
169851729,remove,node80,609.466
169853981,remove,node61,2545.887
169910650,remove,node33,4628.733
170132300,remove,node106,1202.292
170162189,remove,node77,212.744
170235817,remove,node17,675.229
170246069,remove,node104,5373.822
170325314,remove,node18,5427.393
170414390,remove,node101,2062.0
170513310,remove,node54,1381.514
170565993,remove,node11,4815.497
170671117,remove,node49,5068.222
170823231,remove,node16,1796.643
170850787,remove,node67,6093.656
170927006,remove,node21,4431.513
171050390,remove,node105,3771.006
171115651,remove,node62,927.889
171246059,remove,node68,3443.857
171271345,remove,node22,5112.476
171322644,remove,node88,3913.897
171385792,remove,node102,8344.079
171406791,remove,node40,2140.044
171509437,remove,node42,1276.242
171539098,remove,node73,2871.793
171575828,remove,node99,567.324
171641552,remove,node85,945.454
171884046,remove,node92,671.452
171902537,remove,node46,4441.317
172056465,remove,node2,5012.662
172070823,remove,node83,3990.88
172115366,remove,node5,6606.755
172149296,remove,node50,949.081
172175578,remove,node78,4743.372
172179612,remove,node51,4207.46
172228283,remove,node97,15818.101
172265744,remove,node86,3610.142
172306076,remove,node29,15578.053
172419672,remove,node35,776.276
172512463,remove,node55,3616.127
172527773,remove,node108,4323.625
172536324,remove,node82,6578.94
172574179,remove,node30,2708.805
172658623,remove,node94,2751.742
172687470,remove,node79,4894.849
172725237,remove,node31,10733.242
173022242,remove,node10,1469.918
173120985,remove,node52,1079.704
173227697,remove,node19,410.829
173286457,remove,node65,9154.035
173292593,remove,node72,4531.716
173295112,remove,node32,9639.579
173540026,remove,node20,1078.659
173640422,remove,node107,3965.612
174155224,remove,node110,2270.357
174203350,remove,node63,430.857
174282907,remove,node103,8928.185
174442529,remove,node90,2252.836
174467400,remove,node109,9629.055
175437319,remove,node95,4862.666
175505454,remove,node93,5836.004
175593788,remove,node14,8509.41
176617653,remove,node53,443.889
176758553,remove,node70,1616.898
177386766,remove,node75,1510.375
177504567,remove,node74,2820.965
177851667,remove,node89,2371.976
178063051,remove,node84,3624.594
178347426,remove,node6,9742.914
178386234,remove,node91,4912.889
179271324,remove,node13,1408.865
179388320,remove,node27,3240.612
179450115,remove,node24,4672.406
179938401,remove,node64,5890.685
180118922,remove,node56,11191.37
180933980,remove,node44,4075.084
181211442,remove,node69,6164.784
182365608,remove,node87,3535.567
182438068,remove,node71,6214.356
183809058,remove,node41,6405.466
192239553,remove,node23,7463.662
