timestamp,event_type,gpu_id,availability_duration
0,add,node1,1733.172
0,add,node2,2047.338
0,add,node3,18835.051
0,add,node4,23864.428
0,add,node5,25320.835
0,add,node6,5022.518
0,add,node7,5376.135
0,add,node8,903.753
0,add,node9,9096.66
0,add,node10,1792.818
0,add,node11,22851.191
0,add,node12,4796.696
0,add,node13,3580.937
0,add,node14,700.792
0,add,node15,3576.985
0,add,node16,11012.383
0,add,node17,3317.419
0,add,node18,7624.095
120000,add,node19,4796.517
120000,add,node20,1498.417
120000,add,node21,3513.21
120000,add,node22,7843.297
360000,add,node23,11372.165
540000,add,node24,9005.612
540000,add,node25,3090.31
540000,add,node26,1311.065
540000,add,node27,1370.971
600000,add,node28,2536.966
660000,add,node29,3298.369
660000,add,node30,607.381
700792,remove,node14,700.792
903753,remove,node8,903.753
960000,add,node8,903.753
960000,add,node14,700.792
1267381,remove,node30,607.381
1618417,remove,node20,1498.417
1620000,add,node20,1498.417
1620000,add,node30,607.381
1733172,remove,node1,1733.172
1792818,remove,node10,1792.818
1851065,remove,node26,1311.065
1910971,remove,node27,1370.971
2047338,remove,node2,2047.338
2536576,remove,node14,700.792
2640000,add,node1,1733.172
2640000,add,node2,2047.338
2760000,add,node10,1792.818
3136966,remove,node28,2536.966
3317419,remove,node17,3317.419
3576985,remove,node15,3576.985
3580937,remove,node13,3580.937
3630310,remove,node25,3090.31
3633210,remove,node21,3513.21
3660000,add,node13,3580.937
3720000,add,node14,700.792
3810349,remove,node8,903.753
3840000,add,node8,903.753
3958369,remove,node29,3298.369
4141193,remove,node13,3580.937
4428097,remove,node1,1733.172
4796696,remove,node12,4796.696
4800000,add,node1,1733.172
4800000,add,node12,4796.696
4800000,add,node13,3580.937
4916517,remove,node19,4796.517
4918595,remove,node10,1792.818
5022518,remove,node6,5022.518
5220000,add,node6,5022.518
5220000,add,node10,1792.818
5220000,add,node15,3576.985
5376135,remove,node7,5376.135
5880000,add,node7,5376.135
5880000,add,node17,3317.419
6060000,add,node19,4796.517
6300000,add,node21,3513.21
6300000,add,node25,3090.31
6300000,add,node26,1311.065
6610669,remove,node10,1792.818
6900000,add,node10,1792.818
6900000,add,node27,1370.971
6900000,add,node28,2536.966
6900000,add,node29,3298.369
6900000,add,node31,4562.841
6900000,add,node32,4547.072
6900000,add,node33,4181.91
7200000,add,node34,7101.499
7624095,remove,node18,7624.095
7721131,remove,node8,903.753
7912085,remove,node17,3317.419
7963297,remove,node22,7843.297
8203556,remove,node25,3090.31
8394957,remove,node13,3580.937
8531419,remove,node6,5022.518
8850236,remove,node7,5376.135
8949729,remove,node10,1792.818
9096660,remove,node9,9096.66
9180000,add,node6,5022.518
9180000,add,node7,5376.135
9180000,add,node8,903.753
9180000,add,node9,9096.66
9180000,add,node10,1792.818
9198942,remove,node15,3576.985
9545612,remove,node24,9005.612
10140000,add,node13,3580.937
10143106,remove,node29,3298.369
10363935,remove,node21,3513.21
10380000,add,node15,3576.985
10645551,remove,node6,5022.518
10815438,remove,node15,3576.985
10927545,remove,node7,5376.135
10980000,add,node6,5022.518
11012383,remove,node16,11012.383
11081910,remove,node33,4181.91
11249434,remove,node9,9096.66
11301340,remove,node30,607.381
11447072,remove,node32,4547.072
11462841,remove,node31,4562.841
11545806,remove,node28,2536.966
11640000,add,node7,5376.135
11732165,remove,node23,11372.165
12044714,remove,node13,3580.937
12360000,add,node9,9096.66
12771426,remove,node10,1792.818
12929924,remove,node7,5376.135
13132395,remove,node20,1498.417
13338731,remove,node12,4796.696
13601213,remove,node1,1733.172
13800000,add,node1,1733.172
13800000,add,node7,5376.135
13800000,add,node10,1792.818
13800000,add,node12,4796.696
14301499,remove,node34,7101.499
14353960,remove,node12,4796.696
14940000,add,node12,4796.696
15120000,add,node13,3580.937
15135970,remove,node9,9096.66
15180000,add,node9,9096.66
15180000,add,node15,3576.985
15287637,remove,node7,5376.135
15480000,add,node7,5376.135
15480000,add,node16,11012.383
15480000,add,node17,3317.419
15480000,add,node18,7624.095
15540000,add,node20,1498.417
15540000,add,node21,3513.21
15631756,remove,node14,700.792
15921140,remove,node18,7624.095
15960000,add,node14,700.792
15960000,add,node18,7624.095
16025417,remove,node13,3580.937
16080000,add,node13,3580.937
16080000,add,node22,7843.297
16440000,add,node23,11372.165
16467961,remove,node20,1498.417
16800000,add,node20,1498.417
16845146,remove,node7,5376.135
16860000,add,node7,5376.135
16920000,add,node24,9005.612
16926315,remove,node12,4796.696
17018936,remove,node19,4796.517
17213156,remove,node15,3576.985
17580000,add,node12,4796.696
17580000,add,node15,3576.985
17587233,remove,node2,2047.338
18095771,remove,node16,11012.383
18220091,remove,node27,1370.971
18436365,remove,node18,7624.095
18670310,remove,node1,1733.172
18833967,remove,node13,3580.937
18835051,remove,node3,18835.051
19103684,remove,node14,700.792
19554313,remove,node10,1792.818
19560000,add,node1,1733.172
19631509,remove,node6,5022.518
19689344,remove,node7,5376.135
20009090,remove,node26,1311.065
20220000,add,node2,2047.338
20874468,remove,node12,4796.696
20940000,add,node3,18835.051
20940000,add,node6,5022.518
20940000,add,node7,5376.135
20940000,add,node10,1792.818
20940000,add,node12,4796.696
21530629,remove,node9,9096.66
21540000,add,node9,9096.66
21540000,add,node13,3580.937
21540000,add,node14,700.792
21540000,add,node16,11012.383
21697228,remove,node1,1733.172
21764689,remove,node20,1498.417
21780000,add,node1,1733.172
22372343,remove,node6,5022.518
22500000,add,node6,5022.518
22500000,add,node18,7624.095
22500000,add,node19,4796.517
22500000,add,node20,1498.417
22500000,add,node25,3090.31
22851191,remove,node11,22851.191
22909123,remove,node22,7843.297
23191316,remove,node9,9096.66
23202091,remove,node15,3576.985
23400000,add,node9,9096.66
23400000,add,node11,22851.191
23400000,add,node15,3576.985
23493763,remove,node13,3580.937
23520000,add,node13,3580.937
23520000,add,node22,7843.297
23640000,add,node26,1311.065
23669732,remove,node6,5022.518
23847638,remove,node16,11012.383
23864428,remove,node4,23864.428
23880000,add,node4,23864.428
23938831,remove,node18,7624.095
23940000,add,node6,5022.518
24313721,remove,node15,3576.985
24360000,add,node15,3576.985
24414445,remove,node26,1311.065
24444884,remove,node14,700.792
24711984,remove,node19,4796.517
24900000,add,node14,700.792
24900000,add,node16,11012.383
24900000,add,node18,7624.095
25200000,add,node19,4796.517
25200000,add,node26,1311.065
25203360,remove,node15,3576.985
25320835,remove,node5,25320.835
25380000,add,node5,25320.835
25500000,add,node15,3576.985
25538692,remove,node22,7843.297
25845793,remove,node9,9096.66
25898800,remove,node23,11372.165
26180163,remove,node13,3580.937
26220000,add,node9,9096.66
26256466,remove,node21,3513.21
26340000,add,node13,3580.937
26438807,remove,node4,23864.428
26460000,add,node4,23864.428
26460000,add,node21,3513.21
26460000,add,node22,7843.297
26719063,remove,node3,18835.051
26731287,remove,node16,11012.383
26920540,remove,node17,3317.419
27033822,remove,node10,1792.818
27120000,add,node3,18835.051
27120000,add,node10,1792.818
27120000,add,node16,11012.383
27300000,add,node17,3317.419
27324607,remove,node2,2047.338
27482467,remove,node8,903.753
27491240,remove,node4,23864.428
27531662,remove,node26,1311.065
27807007,remove,node5,25320.835
27939280,remove,node11,22851.191
28020000,add,node2,2047.338
28020000,add,node4,23864.428
28020000,add,node5,25320.835
28020000,add,node8,903.753
28080000,add,node11,22851.191
28080000,add,node23,11372.165
28260000,add,node26,1311.065
28295369,remove,node16,11012.383
28355878,remove,node11,22851.191
28389283,remove,node20,1498.417
28457367,remove,node1,1733.172
28614765,remove,node14,700.792
29160000,add,node1,1733.172
29160000,add,node11,22851.191
29238130,remove,node22,7843.297
29280000,add,node14,700.792
29670409,remove,node14,700.792
29700000,add,node14,700.792
29700000,add,node16,11012.383
29700000,add,node20,1498.417
29819593,remove,node17,3317.419
29822768,remove,node24,9005.612
30300000,add,node17,3317.419
30683616,remove,node25,3090.31
31106763,remove,node2,2047.338
31128422,remove,node21,3513.21
31242974,remove,node1,1733.172
31797854,remove,node19,4796.517
31860000,add,node1,1733.172
32378053,remove,node20,1498.417
32409813,remove,node7,5376.135
32640000,add,node2,2047.338
32640000,add,node7,5376.135
32727533,remove,node12,4796.696
32880000,add,node12,4796.696
32880000,add,node19,4796.517
33120000,add,node20,1498.417
33120000,add,node21,3513.21
33120000,add,node22,7843.297
33120000,add,node24,9005.612
33120000,add,node25,3090.31
33267147,remove,node26,1311.065
33480000,add,node26,1311.065
33480000,add,node27,1370.971
33480000,add,node28,2536.966
33480000,add,node29,3298.369
33480000,add,node30,607.381
33480000,add,node31,4562.841
33480000,add,node32,4547.072
33480000,add,node33,4181.91
33560619,remove,node30,607.381
33840000,add,node30,607.381
33840000,add,node34,7101.499
33900000,add,node35,1357.901
34023724,remove,node13,3580.937
34182132,remove,node8,903.753
34320000,add,node8,903.753
34320000,add,node13,3580.937
34320000,add,node36,20401.606
34380000,add,node37,15778.265
34380000,add,node38,99.496
34380000,add,node39,533.613
34380000,add,node40,2583.302
34479496,remove,node38,99.496
34503055,remove,node16,11012.383
34597393,remove,node8,903.753
34661519,remove,node2,2047.338
34740000,add,node2,2047.338
34830146,remove,node13,3580.937
34913613,remove,node39,533.613
34933437,remove,node15,3576.985
35051726,remove,node10,1792.818
35087570,remove,node9,9096.66
35178994,remove,node33,4181.91
35257901,remove,node35,1357.901
35394685,remove,node1,1733.172
35580000,add,node1,1733.172
35580000,add,node8,903.753
35673623,remove,node19,4796.517
35756763,remove,node34,7101.499
35760000,add,node9,9096.66
35760000,add,node10,1792.818
35760000,add,node13,3580.937
35760000,add,node15,3576.985
35880000,add,node16,11012.383
35881905,remove,node27,1370.971
36012232,remove,node3,18835.051
36101004,remove,node10,1792.818
36113323,remove,node18,7624.095
36120000,add,node3,18835.051
36120000,add,node10,1792.818
36120000,add,node18,7624.095
36404328,remove,node25,3090.31
36480000,add,node19,4796.517
36486300,remove,node29,3298.369
36540000,add,node25,3090.31
36540000,add,node27,1370.971
36614277,remove,node10,1792.818
36747603,remove,node12,4796.696
36780000,add,node10,1792.818
36780000,add,node12,4796.696
36780000,add,node29,3298.369
36780000,add,node33,4181.91
36963302,remove,node40,2583.302
37418628,remove,node1,1733.172
37511567,remove,node11,22851.191
37607486,remove,node14,700.792
37722320,remove,node22,7843.297
37946554,remove,node2,2047.338
37982568,remove,node29,3298.369
38019852,remove,node5,25320.835
38079077,remove,node19,4796.517
38100000,add,node1,1733.172
38100000,add,node2,2047.338
38100000,add,node5,25320.835
38100000,add,node11,22851.191
38100000,add,node14,700.792
38100000,add,node19,4796.517
38280000,add,node22,7843.297
38367948,remove,node25,3090.31
38779196,remove,node18,7624.095
39011195,remove,node5,25320.835
39259018,remove,node8,903.753
39271679,remove,node1,1733.172
39398025,remove,node13,3580.937
39720000,add,node1,1733.172
39900000,add,node5,25320.835
39900000,add,node8,903.753
39960000,add,node13,3580.937
40021455,remove,node5,25320.835
40109382,remove,node13,3580.937
40140000,add,node5,25320.835
40140000,add,node13,3580.937
40140000,add,node18,7624.095
40240680,remove,node4,23864.428
40671780,remove,node15,3576.985
40957852,remove,node23,11372.165
41004418,remove,node7,5376.135
41277742,remove,node22,7843.297
41340000,add,node4,23864.428
41523470,remove,node8,903.753
42179731,remove,node28,2536.966
42597883,remove,node16,11012.383
42600000,add,node7,5376.135
42600000,add,node8,903.753
42619354,remove,node12,4796.696
42640435,remove,node33,4181.91
42660000,add,node12,4796.696
42780000,add,node15,3576.985
42780000,add,node16,11012.383
43042111,remove,node8,903.753
43181525,remove,node27,1370.971
43622979,remove,node10,1792.818
43910131,remove,node31,4562.841
44040000,add,node8,903.753
44100000,add,node10,1792.818
44100000,add,node22,7843.297
44100000,add,node23,11372.165
44100000,add,node25,3090.31
44151412,remove,node24,9005.612
44248388,remove,node11,22851.191
44342669,remove,node17,3317.419
44490200,remove,node6,5022.518
44554194,remove,node2,2047.338
44592166,remove,node32,4547.072
44760000,add,node2,2047.338
44843844,remove,node21,3513.21
44880000,add,node6,5022.518
44880000,add,node11,22851.191
44880000,add,node17,3317.419
44953426,remove,node5,25320.835
45000000,add,node5,25320.835
45117666,remove,node18,7624.095
45180000,add,node18,7624.095
45360000,add,node21,3513.21
45360000,add,node24,9005.612
45360000,add,node27,1370.971
45360000,add,node28,2536.966
45360000,add,node29,3298.369
45418870,remove,node23,11372.165
45656982,remove,node24,9005.612
45923517,remove,node15,3576.985
46033830,remove,node22,7843.297
46174409,remove,node29,3298.369
46260000,add,node15,3576.985
46260000,add,node22,7843.297
46260000,add,node23,11372.165
46260000,add,node24,9005.612
46260000,add,node29,3298.369
46443587,remove,node28,2536.966
46941029,remove,node2,2047.338
47088409,remove,node4,23864.428
47097628,remove,node22,7843.297
47137393,remove,node12,4796.696
47400000,add,node2,2047.338
47454923,remove,node3,18835.051
47563063,remove,node16,11012.383
47640000,add,node3,18835.051
47820000,add,node4,23864.428
47820000,add,node12,4796.696
47820000,add,node16,11012.383
47906662,remove,node19,4796.517
47948188,remove,node21,3513.21
48000000,add,node19,4796.517
48060000,add,node21,3513.21
48318715,remove,node9,9096.66
48600000,add,node9,9096.66
48600000,add,node22,7843.297
48787936,remove,node22,7843.297
48830708,remove,node2,2047.338
48900000,add,node2,2047.338
49067046,remove,node12,4796.696
49094509,remove,node1,1733.172
49260000,add,node1,1733.172
49260000,add,node12,4796.696
49372211,remove,node2,2047.338
49644323,remove,node5,25320.835
49680000,add,node2,2047.338
49800000,add,node5,25320.835
50060883,remove,node6,5022.518
50100000,add,node6,5022.518
50100000,add,node22,7843.297
50158265,remove,node37,15778.265
50237045,remove,node25,3090.31
50258430,remove,node9,9096.66
50279402,remove,node20,1498.417
50340000,add,node9,9096.66
50340000,add,node20,1498.417
50374847,remove,node8,903.753
50400000,add,node8,903.753
50460000,add,node25,3090.31
50640000,add,node28,2536.966
50640000,add,node31,4562.841
50700000,add,node32,4547.072
51015614,remove,node4,23864.428
51233297,remove,node3,18835.051
51480000,add,node3,18835.051
51540000,add,node4,23864.428
51577534,remove,node30,607.381
51580830,remove,node24,9005.612
51755317,remove,node13,3580.937
51757943,remove,node14,700.792
52276684,remove,node27,1370.971
52546765,remove,node4,23864.428
52560000,add,node4,23864.428
52740000,add,node13,3580.937
52740000,add,node14,700.792
52740000,add,node24,9005.612
52740000,add,node27,1370.971
53126332,remove,node18,7624.095
53220000,add,node18,7624.095
53433937,remove,node20,1498.417
53580000,add,node20,1498.417
53580000,add,node30,607.381
53683434,remove,node17,3317.419
53948665,remove,node26,1311.065
54060000,add,node17,3317.419
54118466,remove,node1,1733.172
54135342,remove,node6,5022.518
54191561,remove,node17,3317.419
54300000,add,node1,1733.172
54300000,add,node6,5022.518
54360000,add,node17,3317.419
54366897,remove,node7,5376.135
54420000,add,node7,5376.135
54560133,remove,node30,607.381
54628410,remove,node8,903.753
54721606,remove,node36,20401.606
54900000,add,node8,903.753
54900000,add,node26,1311.065
54900000,add,node30,607.381
54978011,remove,node12,4796.696
55080000,add,node12,4796.696
55080000,add,node33,4181.91
55102537,remove,node2,2047.338
55131656,remove,node23,11372.165
55140000,add,node2,2047.338
55140000,add,node23,11372.165
55140000,add,node34,7101.499
55296007,remove,node26,1311.065
55551590,remove,node18,7624.095
55833852,remove,node30,607.381
55846067,remove,node28,2536.966
56274426,remove,node2,2047.338
56280000,add,node2,2047.338
56340000,add,node18,7624.095
56452095,remove,node9,9096.66
56463503,remove,node8,903.753
56700000,add,node8,903.753
56700000,add,node9,9096.66
56700000,add,node26,1311.065
56700000,add,node28,2536.966
56820000,add,node30,607.381
56820000,add,node35,1357.901
57420000,add,node36,20401.606
57540000,add,node37,15778.265
57540000,add,node38,99.496
57540000,add,node39,533.613
57540000,add,node40,2583.302
57872635,remove,node13,3580.937
57900000,add,node13,3580.937
57900000,add,node41,10734.122
57900000,add,node42,425.397
58008089,remove,node32,4547.072
58204305,remove,node4,23864.428
58218210,remove,node16,11012.383
58317446,remove,node9,9096.66
58325397,remove,node42,425.397
58440000,add,node4,23864.428
58440000,add,node9,9096.66
58440000,add,node16,11012.383
58520523,remove,node40,2583.302
58612968,remove,node12,4796.696
58757709,remove,node17,3317.419
58800000,add,node12,4796.696
59057822,remove,node33,4181.91
59100000,add,node17,3317.419
59249510,remove,node2,2047.338
59400000,add,node2,2047.338
59460000,add,node32,4547.072
59520000,add,node33,4181.91
59520000,add,node40,2583.302
59629323,remove,node3,18835.051
59647830,remove,node5,25320.835
59695695,remove,node29,3298.369
59738146,remove,node14,700.792
59823740,remove,node13,3580.937
59916029,remove,node23,11372.165
60071796,remove,node15,3576.985
60079686,remove,node7,5376.135
60152042,remove,node4,23864.428
60240000,add,node3,18835.051
60300000,add,node4,23864.428
60529355,remove,node4,23864.428
60540000,add,node4,23864.428
60540000,add,node5,25320.835
60540000,add,node7,5376.135
60544278,remove,node1,1733.172
60780000,add,node1,1733.172
60897074,remove,node35,1357.901
60959197,remove,node8,903.753
61040783,remove,node17,3317.419
61187511,remove,node6,5022.518
61320000,add,node6,5022.518
61320000,add,node8,903.753
61649159,remove,node19,4796.517
61653528,remove,node10,1792.818
61827372,remove,node27,1370.971
61987071,remove,node1,1733.172
62100000,add,node1,1733.172
62100000,add,node10,1792.818
62149849,remove,node4,23864.428
62220000,add,node4,23864.428
62220000,add,node13,3580.937
62340000,add,node14,700.792
62340000,add,node15,3576.985
62340000,add,node17,3317.419
62377396,remove,node20,1498.417
62398228,remove,node16,11012.383
62400000,add,node16,11012.383
62400000,add,node19,4796.517
62400000,add,node20,1498.417
62400000,add,node23,11372.165
62460000,remove,node19,4796.517
62472015,remove,node24,9005.612
62580000,add,node19,4796.517
62593284,remove,node14,700.792
62655197,remove,node15,3576.985
62760000,add,node14,700.792
62760000,add,node15,3576.985
62864240,remove,node11,22851.191
62876786,remove,node31,4562.841
62989650,remove,node38,99.496
63121198,remove,node36,20401.606
63204808,remove,node18,7624.095
63355992,remove,node15,3576.985
63360000,add,node11,22851.191
63625151,remove,node37,15778.265
63899551,remove,node3,18835.051
63900000,add,node3,18835.051
64140000,add,node15,3576.985
64140000,add,node18,7624.095
64357204,remove,node18,7624.095
64448157,remove,node26,1311.065
64494228,remove,node30,607.381
64711478,remove,node5,25320.835
64717157,remove,node25,3090.31
64980000,add,node5,25320.835
65225031,remove,node13,3580.937
65262887,remove,node7,5376.135
65332424,remove,node5,25320.835
65808998,remove,node12,4796.696
65880000,add,node5,25320.835
65880000,add,node7,5376.135
65998875,remove,node34,7101.499
66175674,remove,node7,5376.135
66190530,remove,node6,5022.518
66308416,remove,node9,9096.66
66405776,remove,node4,23864.428
67114570,remove,node20,1498.417
67171583,remove,node21,3513.21
67380000,add,node4,23864.428
67380000,add,node6,5022.518
67380000,add,node7,5376.135
67500000,add,node9,9096.66
67560000,add,node12,4796.696
67560000,add,node13,3580.937
67560000,add,node18,7624.095
67560000,add,node20,1498.417
67727821,remove,node8,903.753
67751044,remove,node23,11372.165
68040000,add,node8,903.753
68056470,remove,node22,7843.297
68100000,add,node21,3513.21
68100000,add,node22,7843.297
68347360,remove,node33,4181.91
68634122,remove,node41,10734.122
68658319,remove,node9,9096.66
68819529,remove,node15,3576.985
68820000,add,node9,9096.66
68820000,add,node15,3576.985
68855428,remove,node21,3513.21
68880000,add,node21,3513.21
68880000,add,node23,11372.165
68880000,add,node24,9005.612
69045152,remove,node39,533.613
69155975,remove,node6,5022.518
69302206,remove,node22,7843.297
69732002,remove,node11,22851.191
69810178,remove,node18,7624.095
69831488,remove,node9,9096.66
69951066,remove,node10,1792.818
70001182,remove,node23,11372.165
70200000,add,node6,5022.518
70200000,add,node9,9096.66
70200000,add,node10,1792.818
70200000,add,node11,22851.191
70260000,add,node18,7624.095
70473367,remove,node18,7624.095
70621919,remove,node11,22851.191
70635908,remove,node40,2583.302
71108581,remove,node28,2536.966
71147004,remove,node14,700.792
71400000,add,node11,22851.191
71774531,remove,node9,9096.66
71820000,add,node9,9096.66
71820000,add,node14,700.792
71848330,remove,node8,903.753
71940000,add,node8,903.753
71940000,add,node18,7624.095
72099364,remove,node6,5022.518
72155214,remove,node12,4796.696
72322002,remove,node2,2047.338
72371880,remove,node24,9005.612
72540000,add,node2,2047.338
72540000,add,node6,5022.518
72600000,add,node12,4796.696
72660000,add,node22,7843.297
72835629,remove,node11,22851.191
72839226,remove,node13,3580.937
72840000,add,node11,22851.191
72840000,add,node13,3580.937
73020000,add,node23,11372.165
73140000,add,node24,9005.612
73140000,add,node25,3090.31
73140000,add,node26,1311.065
73140000,add,node27,1370.971
73140000,add,node28,2536.966
73189915,remove,node19,4796.517
73317582,remove,node14,700.792
73362622,remove,node25,3090.31
73425575,remove,node6,5022.518
73548861,remove,node24,9005.612
73899332,remove,node32,4547.072
74190991,remove,node20,1498.417
74454224,remove,node18,7624.095
74567767,remove,node9,9096.66
74621444,remove,node22,7843.297
74760000,add,node6,5022.518
74760000,add,node9,9096.66
74779331,remove,node8,903.753
75006261,remove,node4,23864.428
75133387,remove,node2,2047.338
75180000,add,node2,2047.338
75427692,remove,node9,9096.66
75524745,remove,node26,1311.065
75608026,remove,node16,11012.383
76084152,remove,node6,5022.518
76088840,remove,node23,11372.165
76206048,remove,node13,3580.937
76432976,remove,node2,2047.338
76721449,remove,node1,1733.172
77040000,add,node1,1733.172
77040000,add,node2,2047.338
77160000,add,node4,23864.428
77160000,add,node6,5022.518
77160000,add,node8,903.753
77160000,add,node9,9096.66
77286029,remove,node27,1370.971
77319956,remove,node2,2047.338
77395289,remove,node7,5376.135
77920773,remove,node12,4796.696
78514228,remove,node8,903.753
78960000,add,node2,2047.338
78960000,add,node7,5376.135
78960000,add,node8,903.753
78960000,add,node12,4796.696
78969059,remove,node17,3317.419
79317686,remove,node10,1792.818
79464583,remove,node15,3576.985
79860000,add,node10,1792.818
79860000,add,node13,3580.937
79860000,add,node14,700.792
79860000,add,node15,3576.985
79926907,remove,node21,3513.21
80076856,remove,node3,18835.051
80146418,remove,node10,1792.818
80159483,remove,node15,3576.985
80940000,add,node3,18835.051
80940000,add,node10,1792.818
80940000,add,node15,3576.985
80940000,add,node16,11012.383
81416074,remove,node7,5376.135
81466585,remove,node10,1792.818
81540000,add,node7,5376.135
81540000,add,node10,1792.818
81660000,add,node17,3317.419
81660000,add,node18,7624.095
81660000,add,node19,4796.517
82280526,remove,node14,700.792
82283136,remove,node10,1792.818
82892981,remove,node2,2047.338
83040000,add,node2,2047.338
83040000,add,node10,1792.818
83040000,add,node14,700.792
83106962,remove,node6,5022.518
83280000,add,node6,5022.518
83316213,remove,node9,9096.66
83438599,remove,node4,23864.428
83757340,remove,node28,2536.966
83895385,remove,node17,3317.419
83940000,add,node4,23864.428
83940000,add,node9,9096.66
84240000,add,node17,3317.419
84300000,add,node20,1498.417
84300000,add,node21,3513.21
84360000,add,node22,7843.297
84360000,add,node23,11372.165
84553972,remove,node15,3576.985
84720000,add,node15,3576.985
84720000,add,node24,9005.612
84720000,add,node25,3090.31
84780000,add,node26,1311.065
85339953,remove,node22,7843.297
85380000,add,node22,7843.297
85432273,remove,node7,5376.135
85500000,add,node7,5376.135
85500000,add,node27,1370.971
85500000,add,node28,2536.966
85500000,add,node29,3298.369
85500000,add,node30,607.381
85500000,add,node31,4562.841
85560000,add,node32,4547.072
85560000,add,node33,4181.91
85580035,remove,node21,3513.21
85620000,add,node21,3513.21
85661646,remove,node19,4796.517
85703037,remove,node23,11372.165
86010758,remove,node16,11012.383
86028875,remove,node9,9096.66
86046349,remove,node24,9005.612
86054490,remove,node8,903.753
86220000,add,node8,903.753
86220000,add,node9,9096.66
86220000,add,node16,11012.383
86400000,add,node19,4796.517
86506569,remove,node32,4547.072
86700000,add,node23,11372.165
86800095,remove,node31,4562.841
86942135,remove,node6,5022.518
87000000,add,node6,5022.518
87078945,remove,node15,3576.985
87300000,add,node15,3576.985
87300000,add,node24,9005.612
87300000,add,node31,4562.841
87300000,add,node32,4547.072
87300000,add,node34,7101.499
87300000,add,node35,1357.901
87300000,add,node36,20401.606
87300000,add,node37,15778.265
87331931,remove,node13,3580.937
87499403,remove,node12,4796.696
87600373,remove,node14,700.792
87660000,add,node12,4796.696
87662438,remove,node28,2536.966
87780000,add,node13,3580.937
87794164,remove,node3,18835.051
88045990,remove,node17,3317.419
88260000,add,node3,18835.051
88260000,add,node14,700.792
88260000,add,node17,3317.419
88260000,add,node28,2536.966
88320000,add,node38,99.496
88320000,add,node39,533.613
88320000,add,node40,2583.302
88560000,add,node41,10734.122
88585807,remove,node11,22851.191
88800000,add,node11,22851.191
88860000,add,node42,425.397
88860000,add,node43,2146.19
88860000,add,node44,2738.977
88860000,add,node45,1938.503
88878119,remove,node13,3580.937
88888052,remove,node27,1370.971
89001723,remove,node4,23864.428
89063701,remove,node29,3298.369
89066536,remove,node5,25320.835
89097393,remove,node16,11012.383
89101133,remove,node31,4562.841
89133343,remove,node22,7843.297
89220000,add,node4,23864.428
89361839,remove,node12,4796.696
89418242,remove,node35,1357.901
89440080,remove,node37,15778.265
89590567,remove,node34,7101.499
89700000,add,node5,25320.835
89760000,add,node12,4796.696
89913177,remove,node21,3513.21
90060000,add,node13,3580.937
90060000,add,node16,11012.383
90458923,remove,node12,4796.696
90706000,remove,node20,1498.417
90740095,remove,node13,3580.937
90798503,remove,node45,1938.503
90900000,add,node12,4796.696
90900000,add,node13,3580.937
90900000,add,node20,1498.417
90975194,remove,node18,7624.095
91006190,remove,node43,2146.19
91089010,remove,node2,2047.338
91126554,remove,node39,533.613
91339194,remove,node42,425.397
91560000,add,node2,2047.338
91598977,remove,node44,2738.977
91740000,add,node18,7624.095
91889840,remove,node19,4796.517
91982120,remove,node33,4181.91
92023176,remove,node4,23864.428
92060987,remove,node24,9005.612
92100000,add,node4,23864.428
92207053,remove,node26,1311.065
92258815,remove,node10,1792.818
92310783,remove,node36,20401.606
92460000,add,node10,1792.818
92520000,add,node19,4796.517
92520000,add,node21,3513.21
92520000,add,node22,7843.297
92520000,add,node24,9005.612
92520000,add,node26,1311.065
92524351,remove,node16,11012.383
92706774,remove,node3,18835.051
92820450,remove,node15,3576.985
92914773,remove,node8,903.753
93210483,remove,node1,1733.172
93534132,remove,node4,23864.428
93684291,remove,node40,2583.302
93690905,remove,node11,22851.191
93781628,remove,node38,99.496
94113128,remove,node30,607.381
94132965,remove,node12,4796.696
94200000,add,node1,1733.172
94263273,remove,node19,4796.517
94320000,add,node3,18835.051
94320000,add,node4,23864.428
94320000,add,node8,903.753
94320000,add,node11,22851.191
94416779,remove,node20,1498.417
94500000,add,node12,4796.696
94620000,add,node15,3576.985
94620000,add,node16,11012.383
94620000,add,node19,4796.517
94729311,remove,node2,2047.338
94740000,add,node2,2047.338
94740000,add,node20,1498.417
94920000,add,node27,1370.971
94980000,add,node29,3298.369
95191151,remove,node9,9096.66
95282080,remove,node20,1498.417
95400000,add,node9,9096.66
95736934,remove,node26,1311.065
95970619,remove,node1,1733.172
96014506,remove,node16,11012.383
96023367,remove,node12,4796.696
96180000,add,node1,1733.172
96187861,remove,node19,4796.517
96253091,remove,node23,11372.165
96442910,remove,node7,5376.135
96559467,remove,node6,5022.518
96575964,remove,node8,903.753
96600140,remove,node2,2047.338
96673550,remove,node28,2536.966
96840000,add,node2,2047.338
96840000,add,node6,5022.518
96840000,add,node7,5376.135
96840000,add,node8,903.753
96840000,add,node12,4796.696
96840000,add,node16,11012.383
96840000,add,node19,4796.517
96900000,add,node20,1498.417
97215449,remove,node10,1792.818
97775852,remove,node19,4796.517
97916565,remove,node17,3317.419
98091147,remove,node9,9096.66
98126696,remove,node3,18835.051
98239323,remove,node27,1370.971
98280000,add,node3,18835.051
98280000,add,node9,9096.66
98280000,add,node10,1792.818
98280000,add,node17,3317.419
98349722,remove,node41,10734.122
98553685,remove,node25,3090.31
98594182,remove,node2,2047.338
98844814,remove,node18,7624.095
98865515,remove,node16,11012.383
98929028,remove,node20,1498.417
98940000,add,node2,2047.338
99074530,remove,node11,22851.191
99180000,add,node11,22851.191
99180000,add,node16,11012.383
99300000,add,node18,7624.095
99300000,add,node19,4796.517
99300000,add,node20,1498.417
99480000,add,node23,11372.165
99480000,add,node25,3090.31
99480000,add,node26,1311.065
99480000,add,node27,1370.971
99480000,add,node28,2536.966
99680211,remove,node6,5022.518
99872599,remove,node8,903.753
99898685,remove,node4,23864.428
99968900,remove,node17,3317.419
100136982,remove,node12,4796.696
100202380,remove,node2,2047.338
100312736,remove,node5,25320.835
100380000,add,node2,2047.338
100419828,remove,node26,1311.065
100458966,remove,node15,3576.985
100560000,add,node4,23864.428
100560000,add,node5,25320.835
100789711,remove,node32,4547.072
100800000,add,node6,5022.518
100800000,add,node8,903.753
100800000,add,node12,4796.696
100800000,add,node15,3576.985
100888816,remove,node3,18835.051
100911262,remove,node12,4796.696
101039661,remove,node9,9096.66
101280000,add,node3,18835.051
101403431,remove,node21,3513.21
101520000,add,node9,9096.66
101520000,add,node12,4796.696
101520000,add,node17,3317.419
101520000,add,node21,3513.21
101520000,add,node26,1311.065
101520000,add,node30,607.381
101520000,add,node31,4562.841
101520000,add,node32,4547.072
101520000,add,node33,4181.91
101520000,add,node34,7101.499
101640000,add,node35,1357.901
102000000,add,node36,20401.606
102000000,add,node37,15778.265
102000000,add,node38,99.496
102000000,add,node39,533.613
102000000,add,node40,2583.302
102000000,add,node41,10734.122
102025503,remove,node30,607.381
102230130,remove,node41,10734.122
102374057,remove,node39,533.613
102710731,remove,node13,3580.937
102965539,remove,node32,4547.072
103037000,remove,node1,1733.172
103037543,remove,node37,15778.265
103313428,remove,node8,903.753
103370317,remove,node17,3317.419
103440000,add,node1,1733.172
103440000,add,node8,903.753
103440000,add,node13,3580.937
103440000,add,node17,3317.419
103440000,add,node30,607.381
103548476,remove,node25,3090.31
103636203,remove,node2,2047.338
103667141,remove,node14,700.792
103738373,remove,node12,4796.696
103743233,remove,node22,7843.297
103796275,remove,node30,607.381
103860000,add,node2,2047.338
104160000,add,node12,4796.696
104205119,remove,node10,1792.818
104290818,remove,node38,99.496
104400000,add,node10,1792.818
104637208,remove,node7,5376.135
104640000,add,node7,5376.135
104831324,remove,node11,22851.191
104893517,remove,node24,9005.612
104940000,add,node11,22851.191
104940000,add,node14,700.792
104940000,add,node22,7843.297
105080429,remove,node33,4181.91
105334593,remove,node23,11372.165
105586508,remove,node29,3298.369
105660000,add,node23,11372.165
105785087,remove,node12,4796.696
105905154,remove,node4,23864.428
106050412,remove,node2,2047.338
106097545,remove,node19,4796.517
106233190,remove,node35,1357.901
106253134,remove,node34,7101.499
106301450,remove,node40,2583.302
106626650,remove,node21,3513.21
106680000,add,node2,2047.338
106767441,remove,node7,5376.135
106947614,remove,node3,18835.051
107120141,remove,node11,22851.191
107354094,remove,node22,7843.297
107497256,remove,node16,11012.383
107700000,add,node3,18835.051
108240000,add,node4,23864.428
108247225,remove,node2,2047.338
108264633,remove,node17,3317.419
108443537,remove,node14,700.792
108695754,remove,node20,1498.417
108727063,remove,node31,4562.841
109536149,remove,node13,3580.937
109549776,remove,node28,2536.966
109650618,remove,node23,11372.165
110491109,remove,node27,1370.971
110571036,remove,node18,7624.095
110700000,add,node2,2047.338
110760000,add,node7,5376.135
111003225,remove,node26,1311.065
111196687,remove,node3,18835.051
111203007,remove,node36,20401.606
111215754,remove,node1,1733.172
111900000,add,node1,1733.172
112145298,remove,node8,903.753
112200000,add,node3,18835.051
112215582,remove,node5,25320.835
112380000,add,node5,25320.835
112380000,add,node8,903.753
112380000,add,node11,22851.191
112500000,add,node12,4796.696
112500000,add,node13,3580.937
112500000,add,node14,700.792
112560000,add,node16,11012.383
112560000,add,node17,3317.419
112639179,remove,node12,4796.696
112785622,remove,node17,3317.419
112796605,remove,node11,22851.191
113280000,add,node11,22851.191
113604697,remove,node3,18835.051
113732775,remove,node5,25320.835
114080037,remove,node10,1792.818
114780000,add,node3,18835.051
114900000,add,node5,25320.835
115140000,add,node10,1792.818
115392723,remove,node14,700.792
115465883,remove,node7,5376.135
115912044,remove,node10,1792.818
115920000,add,node7,5376.135
115980000,add,node10,1792.818
115980000,add,node12,4796.696
115980000,add,node14,700.792
115980000,add,node17,3317.419
115980000,add,node18,7624.095
115980000,add,node19,4796.517
115980000,add,node20,1498.417
115980000,add,node21,3513.21
116040000,remove,node17,3317.419
116069331,remove,node4,23864.428
116865326,remove,node9,9096.66
116940000,add,node4,23864.428
116947368,remove,node15,3576.985
117000000,add,node9,9096.66
117000000,add,node15,3576.985
117000000,add,node17,3317.419
117000000,add,node22,7843.297
117000000,add,node23,11372.165
117000000,add,node24,9005.612
117416472,remove,node11,22851.191
117651998,remove,node2,2047.338
117989251,remove,node23,11372.165
118020000,add,node2,2047.338
118020000,add,node11,22851.191
118080000,add,node23,11372.165
118080000,add,node25,3090.31
118140000,add,node26,1311.065
118140000,add,node27,1370.971
118140000,add,node28,2536.966
118157574,remove,node23,11372.165
118200000,add,node23,11372.165
118200000,add,node29,3298.369
118200000,add,node30,607.381
118200000,add,node31,4562.841
118200000,add,node32,4547.072
118271935,remove,node18,7624.095
118418644,remove,node1,1733.172
118420343,remove,node2,2047.338
118442487,remove,node13,3580.937
119002930,remove,node24,9005.612
119220000,add,node1,1733.172
119220000,add,node2,2047.338
119670527,remove,node21,3513.21
119782510,remove,node6,5022.518
119867427,remove,node15,3576.985
119880000,add,node6,5022.518
120130574,remove,node5,25320.835
120600000,add,node5,25320.835
120600000,add,node13,3580.937
120600000,add,node15,3576.985
120600000,add,node18,7624.095
120757097,remove,node15,3576.985
121000296,remove,node19,4796.517
121198161,remove,node22,7843.297
121206256,remove,node7,5376.135
121871064,remove,node5,25320.835
122148576,remove,node23,11372.165
122179157,remove,node16,11012.383
122220000,add,node5,25320.835
122280000,add,node7,5376.135
122364358,remove,node10,1792.818
122867428,remove,node25,3090.31
123153849,remove,node30,607.381
123180000,add,node10,1792.818
123271383,remove,node14,700.792
123349611,remove,node28,2536.966
123403307,remove,node13,3580.937
123663916,remove,node2,2047.338
123872305,remove,node11,22851.191
123914203,remove,node3,18835.051
124140807,remove,node10,1792.818
124310141,remove,node5,25320.835
124620000,add,node2,2047.338
124620000,add,node3,18835.051
124620000,add,node5,25320.835
124763578,remove,node6,5022.518
124825211,remove,node7,5376.135
124920000,add,node6,5022.518
124958731,remove,node5,25320.835
125145909,remove,node27,1370.971
125303697,remove,node26,1311.065
125989566,remove,node29,3298.369
126025607,remove,node4,23864.428
126180000,add,node4,23864.428
126180000,add,node5,25320.835
126180000,add,node7,5376.135
126180000,add,node10,1792.818
126249219,remove,node20,1498.417
126554773,remove,node2,2047.338
126720000,add,node2,2047.338
126720000,add,node11,22851.191
126840000,add,node13,3580.937
127440000,add,node14,700.792
127500000,add,node15,3576.985
127500000,add,node16,11012.383
127504035,remove,node11,22851.191
127740000,add,node11,22851.191
127740000,add,node19,4796.517
127740000,add,node20,1498.417
127740000,add,node21,3513.21
127740000,add,node22,7843.297
127740000,add,node23,11372.165
127740000,add,node24,9005.612
127860000,add,node25,3090.31
127923544,remove,node20,1498.417
127973792,remove,node1,1733.172
128028643,remove,node9,9096.66
128088740,remove,node12,4796.696
128400000,add,node1,1733.172
128643984,remove,node8,903.753
128673149,remove,node14,700.792
128820000,add,node8,903.753
128820000,add,node9,9096.66
128996089,remove,node4,23864.428
129117942,remove,node5,25320.835
129227038,remove,node23,11372.165
129556098,remove,node10,1792.818
129871673,remove,node22,7843.297
130080000,add,node4,23864.428
130094663,remove,node13,3580.937
130200000,add,node5,25320.835
130200000,add,node10,1792.818
130260000,add,node12,4796.696
130260000,add,node13,3580.937
130260000,add,node14,700.792
130260000,add,node20,1498.417
130410238,remove,node31,4562.841
130440000,add,node22,7843.297
130440000,add,node23,11372.165
131049784,remove,node5,25320.835
131400000,add,node5,25320.835
131400000,add,node26,1311.065
131470314,remove,node15,3576.985
131807079,remove,node19,4796.517
131895510,remove,node11,22851.191
132246222,remove,node21,3513.21
132420000,add,node11,22851.191
132420000,add,node15,3576.985
132610940,remove,node13,3580.937
132832747,remove,node25,3090.31
132834860,remove,node1,1733.172
133166846,remove,node8,903.753
133252942,remove,node3,18835.051
133320000,add,node1,1733.172
133320000,add,node3,18835.051
133328287,remove,node18,7624.095
133331849,remove,node20,1498.417
133345023,remove,node15,3576.985
133351383,remove,node14,700.792
133475192,remove,node10,1792.818
133612750,remove,node17,3317.419
134157057,remove,node2,2047.338
134286774,remove,node24,9005.612
134299688,remove,node3,18835.051
134400000,add,node2,2047.338
134573436,remove,node2,2047.338
134758296,remove,node12,4796.696
135180000,add,node2,2047.338
135300000,add,node3,18835.051
135343392,remove,node26,1311.065
135362381,remove,node9,9096.66
135600000,add,node8,903.753
135600000,add,node9,9096.66
135600000,add,node10,1792.818
135600000,add,node12,4796.696
135840000,add,node13,3580.937
135840000,add,node14,700.792
135840000,add,node15,3576.985
135840000,add,node17,3317.419
135982209,remove,node1,1733.172
136020000,add,node1,1733.172
136195975,remove,node32,4547.072
136340288,remove,node23,11372.165
136499928,remove,node9,9096.66
136532400,remove,node8,903.753
136601397,remove,node16,11012.383
136676140,remove,node5,25320.835
136800000,add,node5,25320.835
136846366,remove,node15,3576.985
137160000,add,node8,903.753
137160000,add,node9,9096.66
137160000,add,node15,3576.985
137220000,add,node16,11012.383
137520000,add,node18,7624.095
137520000,add,node19,4796.517
137520000,add,node20,1498.417
137520000,add,node21,3513.21
137520000,add,node23,11372.165
137520000,add,node24,9005.612
137520000,add,node25,3090.31
137778423,remove,node15,3576.985
137880000,add,node15,3576.985
137940000,add,node26,1311.065
137987852,remove,node6,5022.518
138013381,remove,node15,3576.985
138180000,add,node6,5022.518
138180000,add,node15,3576.985
138420000,add,node27,1370.971
138420000,add,node28,2536.966
138420000,add,node29,3298.369
138426255,remove,node7,5376.135
138464096,remove,node25,3090.31
138477051,remove,node10,1792.818
138710777,remove,node14,700.792
139330867,remove,node13,3580.937
139471203,remove,node17,3317.419
139532801,remove,node2,2047.338
139642145,remove,node26,1311.065
139697475,remove,node9,9096.66
139860000,add,node2,2047.338
140040000,add,node7,5376.135
140040000,add,node9,9096.66
140040000,add,node10,1792.818
140040000,add,node13,3580.937
140040000,add,node14,700.792
140463621,remove,node24,9005.612
140620090,remove,node1,1733.172
140932081,remove,node15,3576.985
141218269,remove,node5,25320.835
141240000,add,node1,1733.172
141300000,add,node5,25320.835
141300000,add,node15,3576.985
141448204,remove,node29,3298.369
141540000,add,node17,3317.419
141541529,remove,node22,7843.297
141559742,remove,node16,11012.383
141635715,remove,node20,1498.417
141660000,add,node16,11012.383
141660000,add,node20,1498.417
141978763,remove,node18,7624.095
142080000,add,node18,7624.095
142113018,remove,node10,1792.818
142260000,add,node10,1792.818
142440000,add,node22,7843.297
142613877,remove,node7,5376.135
142620000,add,node7,5376.135
142860000,add,node24,9005.612
142860000,add,node25,3090.31
143120264,remove,node21,3513.21
143160000,add,node21,3513.21
143160000,add,node26,1311.065
143305270,remove,node28,2536.966
143394786,remove,node7,5376.135
143396682,remove,node6,5022.518
143400000,add,node6,5022.518
143400000,add,node7,5376.135
143525060,remove,node26,1311.065
143640000,add,node26,1311.065
143640000,add,node28,2536.966
143700000,add,node29,3298.369
143820000,add,node30,607.381
143837239,remove,node25,3090.31
144009753,remove,node6,5022.518
144060000,add,node6,5022.518
144273194,remove,node17,3317.419
144454147,remove,node15,3576.985
144520085,remove,node20,1498.417
144660000,add,node15,3576.985
144660000,add,node17,3317.419
144889088,remove,node28,2536.966
145052644,remove,node24,9005.612
145135915,remove,node12,4796.696
145193796,remove,node22,7843.297
145406682,remove,node21,3513.21
145440000,add,node12,4796.696
145440000,add,node20,1498.417
145628545,remove,node5,25320.835
145800000,add,node5,25320.835
145951433,remove,node10,1792.818
145966255,remove,node27,1370.971
146604798,remove,node19,4796.517
146760000,add,node10,1792.818
146760000,add,node19,4796.517
146820000,add,node21,3513.21
146820000,add,node22,7843.297
146820000,add,node24,9005.612
146820000,add,node25,3090.31
146940000,add,node27,1370.971
146940000,add,node28,2536.966
146940000,add,node31,4562.841
147000000,add,node32,4547.072
147057966,remove,node1,1733.172
147120000,add,node1,1733.172
147120000,add,node33,4181.91
147120000,add,node34,7101.499
147120000,add,node35,1357.901
147131963,remove,node5,25320.835
147300000,add,node5,25320.835
147441380,remove,node32,4547.072
147540000,add,node32,4547.072
147600000,add,node36,20401.606
147632249,remove,node24,9005.612
147660000,add,node24,9005.612
147660000,add,node37,15778.265
147660000,add,node38,99.496
147660000,add,node39,533.613
147660000,add,node40,2583.302
147720000,add,node41,10734.122
147720699,remove,node3,18835.051
147770409,remove,node29,3298.369
147869927,remove,node35,1357.901
147896816,remove,node28,2536.966
147900000,add,node3,18835.051
148059391,remove,node18,7624.095
148330474,remove,node4,23864.428
148478994,remove,node33,4181.91
148798061,remove,node22,7843.297
148882344,remove,node39,533.613
148895112,remove,node32,4547.072
149280000,add,node4,23864.428
149280000,add,node18,7624.095
149280000,add,node22,7843.297
149356056,remove,node38,99.496
149490329,remove,node14,700.792
149524557,remove,node27,1370.971
149532783,remove,node36,20401.606
149751211,remove,node40,2583.302
149766838,remove,node2,2047.338
149809164,remove,node12,4796.696
149880000,add,node2,2047.338
149880000,add,node12,4796.696
149944256,remove,node23,11372.165
150027629,remove,node9,9096.66
150220306,remove,node21,3513.21
150480000,add,node9,9096.66
150502837,remove,node41,10734.122
150600000,add,node14,700.792
150606934,remove,node30,607.381
150641348,remove,node26,1311.065
150654989,remove,node37,15778.265
150720092,remove,node31,4562.841
150840000,add,node21,3513.21
150933838,remove,node9,9096.66
151440000,add,node9,9096.66
151440000,add,node23,11372.165
151440000,add,node26,1311.065
151440000,add,node27,1370.971
151440000,add,node28,2536.966
151455359,remove,node34,7101.499
151470035,remove,node22,7843.297
151500000,add,node22,7843.297
151500000,add,node29,3298.369
151500000,add,node30,607.381
151500000,add,node31,4562.841
151500000,add,node32,4547.072
151500000,add,node33,4181.91
151631576,remove,node27,1370.971
151740000,add,node27,1370.971
151786168,remove,node12,4796.696
152040000,add,node12,4796.696
152040000,add,node34,7101.499
152460000,add,node35,1357.901
152460000,add,node36,20401.606
152580000,add,node37,15778.265
152700000,add,node38,99.496
152700000,add,node39,533.613
152700000,add,node40,2583.302
152880000,add,node41,10734.122
152880000,add,node42,425.397
152880000,add,node43,2146.19
152880000,add,node44,2738.977
153423584,remove,node14,700.792
153540000,add,node14,700.792
153584912,remove,node28,2536.966
153660000,add,node28,2536.966
153660000,add,node45,1938.503
153723136,remove,node27,1370.971
153726506,remove,node22,7843.297
153780000,add,node22,7843.297
153780000,add,node27,1370.971
153780000,add,node46,290.417
153780000,add,node47,9878.366
153803989,remove,node30,607.381
153987428,remove,node2,2047.338
154070417,remove,node46,290.417
154075156,remove,node26,1311.065
154089370,remove,node20,1498.417
154131761,remove,node45,1938.503
154440000,add,node2,2047.338
154440000,add,node20,1498.417
154440000,add,node26,1311.065
154440000,add,node30,607.381
154440000,add,node45,1938.503
154440000,add,node46,290.417
154440000,add,node48,820.55
154440000,add,node49,3340.049
154466221,remove,node38,99.496
154680000,add,node38,99.496
154920108,remove,node21,3513.21
155179119,remove,node12,4796.696
155260550,remove,node48,820.55
155396342,remove,node36,20401.606
155520000,add,node12,4796.696
155580000,add,node21,3513.21
155580000,add,node36,20401.606
155596098,remove,node13,3580.937
155600109,remove,node33,4181.91
155754715,remove,node18,7624.095
155797220,remove,node43,2146.19
155918414,remove,node9,9096.66
156213282,remove,node14,700.792
156300000,add,node9,9096.66
156300000,add,node13,3580.937
156300000,add,node14,700.792
156429744,remove,node29,3298.369
156465099,remove,node10,1792.818
156540000,add,node10,1792.818
156540000,add,node18,7624.095
156540000,add,node29,3298.369
156600930,remove,node15,3576.985
156720000,add,node15,3576.985
156720000,add,node33,4181.91
156720000,add,node43,2146.19
156842551,remove,node41,10734.122
156869889,remove,node5,25320.835
156987674,remove,node11,22851.191
157200000,add,node5,25320.835
157257337,remove,node29,3298.369
157423187,remove,node2,2047.338
157478719,remove,node3,18835.051
157498954,remove,node22,7843.297
157620000,add,node2,2047.338
157620000,add,node3,18835.051
157743711,remove,node23,11372.165
157750681,remove,node31,4562.841
157780049,remove,node49,3340.049
158068127,remove,node32,4547.072
158124969,remove,node7,5376.135
158280468,remove,node6,5022.518
158344338,remove,node40,2583.302
158388743,remove,node36,20401.606
158435878,remove,node12,4796.696
158460000,add,node6,5022.518
158668195,remove,node14,700.792
158704660,remove,node1,1733.172
158820000,add,node1,1733.172
158897710,remove,node28,2536.966
158973072,remove,node26,1311.065
159057480,remove,node19,4796.517
159087386,remove,node38,99.496
159492598,remove,node45,1938.503
159923679,remove,node10,1792.818
160020000,add,node7,5376.135
160020241,remove,node18,7624.095
160125269,remove,node20,1498.417
160140000,add,node10,1792.818
160140000,add,node11,22851.191
160200000,add,node12,4796.696
160472770,remove,node2,2047.338
160747960,remove,node7,5376.135
160860000,add,node2,2047.338
160860000,add,node7,5376.135
160860000,add,node14,700.792
160918848,remove,node42,425.397
160920000,add,node18,7624.095
160920000,add,node19,4796.517
160929822,remove,node12,4796.696
160983202,remove,node24,9005.612
161052701,remove,node25,3090.31
161114027,remove,node1,1733.172
161165767,remove,node8,903.753
161180207,remove,node21,3513.21
161249447,remove,node33,4181.91
161640000,add,node1,1733.172
161640000,add,node8,903.753
161883284,remove,node34,7101.499
161958678,remove,node5,25320.835
162247084,remove,node1,1733.172
162300000,add,node1,1733.172
162396008,remove,node1,1733.172
162420000,add,node1,1733.172
162600446,remove,node39,533.613
162603653,remove,node7,5376.135
162609254,remove,node9,9096.66
162780000,add,node5,25320.835
162780000,add,node7,5376.135
162780000,add,node9,9096.66
162840000,add,node12,4796.696
163087544,remove,node4,23864.428
163189135,remove,node2,2047.338
163436704,remove,node16,11012.383
163449995,remove,node19,4796.517
163658366,remove,node47,9878.366
163823812,remove,node7,5376.135
164160000,add,node2,2047.338
164160000,add,node4,23864.428
164160000,add,node7,5376.135
164520000,add,node16,11012.383
164520000,add,node19,4796.517
164520000,add,node20,1498.417
164520000,add,node21,3513.21
164520000,add,node22,7843.297
164520000,add,node23,11372.165
164856090,remove,node4,23864.428
164880000,add,node4,23864.428
164880000,add,node24,9005.612
164880000,add,node25,3090.31
165000000,add,node26,1311.065
165000000,add,node28,2536.966
165000000,add,node29,3298.369
165000000,add,node31,4562.841
165180000,add,node32,4547.072
165180000,add,node33,4181.91
165180000,add,node34,7101.499
165180000,add,node36,20401.606
165337914,remove,node6,5022.518
165540000,add,node6,5022.518
165540000,add,node38,99.496
165540000,add,node39,533.613
165540000,add,node40,2583.302
165695242,remove,node43,2146.19
165840000,add,node41,10734.122
165840000,add,node42,425.397
165980462,remove,node28,2536.966
166275101,remove,node25,3090.31
166322155,remove,node35,1357.901
166380000,add,node25,3090.31
166380000,add,node28,2536.966
166395657,remove,node20,1498.417
166474296,remove,node38,99.496
166588645,remove,node4,23864.428
166793227,remove,node22,7843.297
166860000,add,node4,23864.428
166860000,add,node20,1498.417
166860000,add,node22,7843.297
166920000,add,node35,1357.901
166972247,remove,node27,1370.971
167280000,add,node27,1370.971
167280000,add,node38,99.496
167335219,remove,node31,4562.841
167396370,remove,node27,1370.971
167437045,remove,node3,18835.051
167712572,remove,node21,3513.21
167721994,remove,node35,1357.901
167807587,remove,node15,3576.985
167872661,remove,node32,4547.072
168057244,remove,node40,2583.302
168069483,remove,node13,3580.937
168137107,remove,node14,700.792
168840000,add,node3,18835.051
168841831,remove,node44,2738.977
168900000,add,node13,3580.937
168983789,remove,node12,4796.696
169008839,remove,node37,15778.265
169113752,remove,node25,3090.31
169171752,remove,node6,5022.518
169219312,remove,node41,10734.122
169254193,remove,node34,7101.499
169325021,remove,node18,7624.095
169443591,remove,node23,11372.165
169560000,add,node6,5022.518
169793543,remove,node30,607.381
169822214,remove,node29,3298.369
169860000,add,node12,4796.696
169860000,add,node14,700.792
169980000,add,node15,3576.985
170026255,remove,node20,1498.417
170115731,remove,node3,18835.051
170248383,remove,node5,25320.835
170340000,add,node3,18835.051
170340000,add,node5,25320.835
170340000,add,node18,7624.095
170340000,add,node20,1498.417
170340000,add,node21,3513.21
170343259,remove,node15,3576.985
170400000,add,node15,3576.985
170580000,add,node23,11372.165
170640000,add,node25,3090.31
170643192,remove,node20,1498.417
170668629,remove,node24,9005.612
171120000,add,node20,1498.417
171120000,add,node24,9005.612
171120000,add,node27,1370.971
171120000,add,node29,3298.369
171120000,add,node30,607.381
171120000,add,node31,4562.841
171120000,add,node32,4547.072
171714138,remove,node18,7624.095
171723478,remove,node19,4796.517
171827307,remove,node46,290.417
171911508,remove,node33,4181.91
172011277,remove,node4,23864.428
172034286,remove,node6,5022.518
172080000,add,node4,23864.428
172080000,add,node6,5022.518
172080574,remove,node30,607.381
172158248,remove,node3,18835.051
172210068,remove,node2,2047.338
172233705,remove,node28,2536.966
172325505,remove,node10,1792.818
172380000,add,node2,2047.338
172490326,remove,node12,4796.696
172626376,remove,node26,1311.065
173034277,remove,node6,5022.518
173249840,remove,node39,533.613
173285721,remove,node13,3580.937
173537325,remove,node16,11012.383
173820000,add,node3,18835.051
173956540,remove,node42,425.397
174073070,remove,node29,3298.369
174130064,remove,node8,903.753
174300000,add,node6,5022.518
174480000,add,node8,903.753
174480000,add,node10,1792.818
174591979,remove,node22,7843.297
174647436,remove,node25,3090.31
174713057,remove,node8,903.753
174743950,remove,node20,1498.417
175020000,add,node8,903.753
175020000,add,node12,4796.696
175040866,remove,node9,9096.66
175080000,add,node9,9096.66
175080000,add,node13,3580.937
175198950,remove,node17,3317.419
175293074,remove,node32,4547.072
175500000,add,node16,11012.383
175533629,remove,node21,3513.21
175560000,add,node17,3317.419
175560000,add,node18,7624.095
175560000,add,node19,4796.517
175599724,remove,node7,5376.135
175604497,remove,node4,23864.428
175818776,remove,node36,20401.606
175928750,remove,node10,1792.818
175988776,remove,node8,903.753
176169241,remove,node1,1733.172
176217375,remove,node12,4796.696
176547465,remove,node23,11372.165
176636810,remove,node24,9005.612
176700000,add,node1,1733.172
176700000,add,node4,23864.428
176800246,remove,node6,5022.518
176880000,add,node6,5022.518
176880000,add,node7,5376.135
177042394,remove,node4,23864.428
177300000,add,node4,23864.428
177300000,add,node8,903.753
177300000,add,node10,1792.818
177300000,add,node12,4796.696
177300000,add,node20,1498.417
177300000,add,node21,3513.21
177360000,add,node4,23864.428
177360000,remove,node4,23864.428
177690725,remove,node17,3317.419
177720000,add,node17,3317.419
177780000,add,node22,7843.297
177780000,add,node23,11372.165
177780000,add,node24,9005.612
177780000,add,node25,3090.31
177780000,add,node26,1311.065
178440000,add,node28,2536.966
178578155,remove,node15,3576.985
178680000,add,node15,3576.985
178680000,add,node29,3298.369
178740000,add,node30,607.381
178740000,add,node32,4547.072
178860000,add,node33,4181.91
178860000,add,node34,7101.499
178911419,remove,node18,7624.095
179035037,remove,node2,2047.338
179064049,remove,node34,7101.499
179094742,remove,node13,3580.937
179316577,remove,node16,11012.383
179347795,remove,node17,3317.419
179640000,add,node2,2047.338
179640000,add,node13,3580.937
179789901,remove,node33,4181.91
180060000,add,node16,11012.383
180060000,add,node17,3317.419
180060000,add,node18,7624.095
180060000,add,node33,4181.91
180392777,remove,node31,4562.841
180660000,add,node31,4562.841
180660000,add,node34,7101.499
180684295,remove,node15,3576.985
181136489,remove,node19,4796.517
181335802,remove,node23,11372.165
181336157,remove,node33,4181.91
181440000,add,node15,3576.985
181492468,remove,node32,4547.072
181656239,remove,node5,25320.835
181680000,add,node5,25320.835
181740000,add,node19,4796.517
181740000,add,node23,11372.165
181823728,remove,node22,7843.297
181924187,remove,node31,4562.841
182040000,add,node22,7843.297
182057982,remove,node1,1733.172
182100000,add,node1,1733.172
182258342,remove,node27,1370.971
182332910,remove,node10,1792.818
182355724,remove,node7,5376.135
182460000,add,node7,5376.135
182460000,add,node10,1792.818
182460000,add,node27,1370.971
182460000,add,node31,4562.841
182636984,remove,node8,903.753
182637053,remove,node11,22851.191
182638547,remove,node17,3317.419
182820000,add,node8,903.753
182820000,add,node11,22851.191
182820000,add,node17,3317.419
182848303,remove,node27,1370.971
183101861,remove,node5,25320.835
183248447,remove,node38,99.496
183249959,remove,node8,903.753
183609776,remove,node14,700.792
183716559,remove,node2,2047.338
184080000,add,node2,2047.338
184080000,add,node5,25320.835
184080000,add,node8,903.753
184080000,add,node14,700.792
184080000,add,node27,1370.971
184080000,add,node32,4547.072
184140963,remove,node4,23864.428
184200000,add,node4,23864.428
184200000,add,node33,4181.91
184224262,remove,node1,1733.172
184560000,add,node1,1733.172
184780440,remove,node7,5376.135
184850285,remove,node10,1792.818
184980000,add,node7,5376.135
185083432,remove,node23,11372.165
185100000,add,node10,1792.818
185262375,remove,node10,1792.818
185371341,remove,node5,25320.835
185869062,remove,node21,3513.21
186021331,remove,node28,2536.966
186272540,remove,node33,4181.91
186540000,add,node5,25320.835
186614407,remove,node32,4547.072
186787654,remove,node6,5022.518
186840000,add,node6,5022.518
186840000,add,node10,1792.818
186840000,add,node21,3513.21
186840000,add,node23,11372.165
187080000,add,node28,2536.966
187080000,add,node32,4547.072
187080000,add,node33,4181.91
187080000,add,node35,1357.901
187080000,add,node36,20401.606
187380000,add,node37,15778.265
187380000,add,node38,99.496
187380000,add,node39,533.613
187380000,add,node40,2583.302
187380000,add,node41,10734.122
187380000,add,node42,425.397
187380000,add,node43,2146.19
187380000,add,node44,2738.977
187744823,remove,node14,700.792
187817673,remove,node33,4181.91
187857755,remove,node7,5376.135
187869019,remove,node43,2146.19
187874572,remove,node19,4796.517
187936852,remove,node32,4547.072
188100000,add,node7,5376.135
188100000,add,node14,700.792
188116089,remove,node38,99.496
188132849,remove,node12,4796.696
188174917,remove,node15,3576.985
188181606,remove,node17,3317.419
188320739,remove,node16,11012.383
188385562,remove,node41,10734.122
188700000,add,node12,4796.696
188756844,remove,node1,1733.172
188926997,remove,node23,11372.165
189018946,remove,node27,1370.971
189060000,add,node1,1733.172
189060000,add,node15,3576.985
189093119,remove,node44,2738.977
189215880,remove,node12,4796.696
189248180,remove,node11,22851.191
189360000,add,node11,22851.191
189410013,remove,node8,903.753
189432254,remove,node42,425.397
189660000,add,node8,903.753
190080638,remove,node24,9005.612
190260000,add,node12,4796.696
190320000,add,node16,11012.383
190336448,remove,node8,903.753
190545768,remove,node10,1792.818
190623229,remove,node34,7101.499
190918715,remove,node5,25320.835
190920000,add,node5,25320.835
191160000,add,node8,903.753
191160000,add,node10,1792.818
191160000,add,node17,3317.419
191160000,add,node19,4796.517
191190935,remove,node20,1498.417
191220000,add,node20,1498.417
191220000,add,node23,11372.165
191220000,add,node24,9005.612
191392294,remove,node9,9096.66
191477773,remove,node4,23864.428
191760000,add,node4,23864.428
191967006,remove,node13,3580.937
192248586,remove,node24,9005.612
192287906,remove,node15,3576.985
192310932,remove,node30,607.381
192345865,remove,node17,3317.419
192660000,add,node9,9096.66
192660000,add,node13,3580.937
192795536,remove,node20,1498.417
192903412,remove,node10,1792.818
192925104,remove,node21,3513.21
192985365,remove,node3,18835.051
193016824,remove,node9,9096.66
193260000,add,node3,18835.051
193260000,add,node9,9096.66
193260000,add,node10,1792.818
193260000,add,node15,3576.985
193260000,add,node17,3317.419
193707703,remove,node22,7843.297
193894649,remove,node23,11372.165
193920000,add,node20,1498.417
193920000,add,node21,3513.21
193940206,remove,node5,25320.835
194148961,remove,node8,903.753
194267038,remove,node14,700.792
194700000,add,node5,25320.835
194760000,remove,node5,25320.835
194773386,remove,node35,1357.901
194956778,remove,node2,2047.338
195000000,add,node2,2047.338
195000000,add,node5,25320.835
195000000,add,node8,903.753
195038337,remove,node4,23864.428
195197009,remove,node25,3090.31
195272395,remove,node28,2536.966
195600000,add,node4,23864.428
195840000,add,node14,700.792
195840000,add,node22,7843.297
195900000,add,node23,11372.165
195900000,add,node24,9005.612
195914501,remove,node6,5022.518
196015372,remove,node39,533.613
196140000,add,node6,5022.518
196184544,remove,node16,11012.383
196200000,add,node16,11012.383
196200000,add,node25,3090.31
196453146,remove,node11,22851.191
196592075,remove,node15,3576.985
196683748,remove,node40,2583.302
196825157,remove,node20,1498.417
196864194,remove,node37,15778.265
196935385,remove,node16,11012.383
197230341,remove,node10,1792.818
197460000,add,node10,1792.818
197640187,remove,node18,7624.095
197760000,add,node11,22851.191
198275682,remove,node26,1311.065
198300000,add,node15,3576.985
198420000,add,node16,11012.383
198420000,add,node18,7624.095
198420000,add,node20,1498.417
198472630,remove,node14,700.792
198600000,add,node14,700.792
198613220,remove,node17,3317.419
198720000,add,node17,3317.419
198840000,add,node26,1311.065
198840000,add,node27,1370.971
198840000,add,node28,2536.966
198840000,add,node30,607.381
198888289,remove,node22,7843.297
199072763,remove,node1,1733.172
199133941,remove,node20,1498.417
199140000,add,node1,1733.172
199140000,add,node20,1498.417
199208100,remove,node17,3317.419
199560000,add,node17,3317.419
199636139,remove,node2,2047.338
200066476,remove,node24,9005.612
200072413,remove,node21,3513.21
200103698,remove,node10,1792.818
200242749,remove,node20,1498.417
200446569,remove,node29,3298.369
200460000,add,node2,2047.338
200460000,add,node10,1792.818
200460000,add,node20,1498.417
200460000,add,node21,3513.21
200460000,add,node22,7843.297
200460000,add,node24,9005.612
200460000,add,node29,3298.369
200554565,remove,node13,3580.937
200697655,remove,node6,5022.518
200820000,add,node6,5022.518
200825884,remove,node27,1370.971
201071928,remove,node26,1311.065
201396739,remove,node30,607.381
201807090,remove,node17,3317.419
201840000,add,node13,3580.937
201972979,remove,node31,4562.841
202186267,remove,node5,25320.835
202200000,add,node5,25320.835
202200000,add,node17,3317.419
202200000,add,node26,1311.065
202320000,add,node27,1370.971
202320000,add,node30,607.381
202320000,add,node31,4562.841
202320000,add,node32,4547.072
202320000,add,node33,4181.91
202320000,add,node34,7101.499
202386031,remove,node8,903.753
202707599,remove,node23,11372.165
202717528,remove,node10,1792.818
202800000,add,node8,903.753
202800000,add,node10,1792.818
203076449,remove,node32,4547.072
203155169,remove,node6,5022.518
203160000,add,node6,5022.518
203160000,add,node23,11372.165
203160000,add,node32,4547.072
203160000,add,node35,1357.901
203160000,add,node37,15778.265
203160000,add,node38,99.496
203160000,add,node39,533.613
203160000,add,node40,2583.302
203160000,add,node41,10734.122
203160000,add,node42,425.397
203160000,add,node43,2146.19
203220000,add,node44,2738.977
203220000,add,node45,1938.503
203220000,add,node46,290.417
203280000,add,node47,9878.366
203280000,add,node48,820.55
203314118,remove,node5,25320.835
203367704,remove,node46,290.417
203370519,remove,node37,15778.265
203637602,remove,node32,4547.072
203669485,remove,node20,1498.417
203707956,remove,node35,1357.901
203880000,add,node5,25320.835
204120000,add,node20,1498.417
204487602,remove,node29,3298.369
204546169,remove,node7,5376.135
204759388,remove,node13,3580.937
204780000,add,node7,5376.135
204780000,add,node13,3580.937
204882304,remove,node5,25320.835
204900000,add,node5,25320.835
204900000,add,node29,3298.369
205140000,add,node32,4547.072
205140000,add,node35,1357.901
205173893,remove,node22,7843.297
205200000,remove,node32,4547.072
205243448,remove,node17,3317.419
205405913,remove,node24,9005.612
205440000,add,node17,3317.419
205448140,remove,node1,1733.172
205500986,remove,node42,425.397
205530578,remove,node15,3576.985
205625284,remove,node21,3513.21
205649659,remove,node6,5022.518
205740000,add,node1,1733.172
205802070,remove,node11,22851.191
205860000,add,node6,5022.518
205973134,remove,node47,9878.366
206011168,remove,node44,2738.977
206687411,remove,node2,2047.338
206741893,remove,node34,7101.499
206781108,remove,node9,9096.66
207000000,add,node2,2047.338
207000000,add,node9,9096.66
207000000,add,node11,22851.191
207000000,add,node15,3576.985
207000000,add,node21,3513.21
207009165,remove,node12,4796.696
207136415,remove,node39,533.613
207331650,remove,node27,1370.971
207391172,remove,node40,2583.302
207528885,remove,node16,11012.383
207759320,remove,node14,700.792
207944499,remove,node23,11372.165
207960000,add,node12,4796.696
207960000,add,node14,700.792
207960000,add,node16,11012.383
208440000,add,node22,7843.297
208440000,add,node23,11372.165
208440000,add,node24,9005.612
208714060,remove,node5,25320.835
208714630,remove,node4,23864.428
208875485,remove,node25,3090.31
208980000,add,node4,23864.428
208980000,add,node5,25320.835
208980000,add,node25,3090.31
209040000,add,node27,1370.971
209062407,remove,node48,820.55
209100000,add,node32,4547.072
209160000,add,node34,7101.499
209160000,add,node37,15778.265
209368101,remove,node32,4547.072
209400000,add,node32,4547.072
209470712,remove,node19,4796.517
209526194,remove,node2,2047.338
209589206,remove,node1,1733.172
209693344,remove,node22,7843.297
209820000,add,node1,1733.172
209867298,remove,node9,9096.66
209880000,add,node2,2047.338
209940000,add,node9,9096.66
210000000,add,node19,4796.517
210038557,remove,node3,18835.051
210060000,add,node3,18835.051
210119971,remove,node8,903.753
210175128,remove,node4,23864.428
210512139,remove,node31,4562.841
210597934,remove,node21,3513.21
210600000,add,node4,23864.428
210600000,add,node8,903.753
210600000,add,node21,3513.21
210640317,remove,node33,4181.91
210748177,remove,node18,7624.095
211420176,remove,node10,1792.818
211434683,remove,node6,5022.518
211500000,add,node6,5022.518
211771986,remove,node36,20401.606
211800000,add,node10,1792.818
212050347,remove,node28,2536.966
212075040,remove,node24,9005.612
212220000,add,node18,7624.095
212386428,remove,node26,1311.065
212520000,add,node22,7843.297
212520000,add,node24,9005.612
212543116,remove,node7,5376.135
212865722,remove,node23,11372.165
213209481,remove,node12,4796.696
213346354,remove,node22,7843.297
213420000,add,node7,5376.135
213480000,add,node12,4796.696
213485888,remove,node37,15778.265
213660000,add,node22,7843.297
213780000,add,node23,11372.165
213780000,add,node26,1311.065
213780000,add,node28,2536.966
213780000,add,node31,4562.841
213824065,remove,node2,2047.338
213840000,remove,node26,1311.065
213988300,remove,node28,2536.966
214200000,add,node2,2047.338
214226759,remove,node27,1370.971
214560000,add,node26,1311.065
214727884,remove,node9,9096.66
214859264,remove,node13,3580.937
214860000,add,node9,9096.66
214860000,add,node13,3580.937
214914768,remove,node35,1357.901
215040000,add,node27,1370.971
215040000,add,node28,2536.966
215040000,add,node33,4181.91
215040000,add,node35,1357.901
215040000,add,node36,20401.606
215040000,add,node37,15778.265
215040000,add,node39,533.613
215040000,add,node40,2583.302
215040000,add,node42,425.397
215040000,add,node44,2738.977
215040000,add,node46,290.417
215040000,add,node47,9878.366
215100000,add,node48,820.55
215110845,remove,node22,7843.297
215149159,remove,node29,3298.369
215176350,remove,node24,9005.612
215217948,remove,node48,820.55
215220632,remove,node37,15778.265
215340000,add,node22,7843.297
215340000,add,node24,9005.612
215400000,add,node29,3298.369
215400000,add,node37,15778.265
215504009,remove,node45,1938.503
215856045,remove,node14,700.792
215893408,remove,node35,1357.901
216000000,add,node14,700.792
216000000,add,node35,1357.901
216020548,remove,node3,18835.051
216240000,add,node3,18835.051
216240000,add,node45,1938.503
216240000,add,node48,820.55
216360672,remove,node47,9878.366
216540000,add,node47,9878.366
216574785,remove,node25,3090.31
216779665,remove,node44,2738.977
217093441,remove,node40,2583.302
217100938,remove,node36,20401.606
217110385,remove,node7,5376.135
217351606,remove,node19,4796.517
217433875,remove,node42,425.397
217512230,remove,node14,700.792
217676907,remove,node38,99.496
217883827,remove,node45,1938.503
217995191,remove,node18,7624.095
218040000,add,node7,5376.135
218040000,add,node14,700.792
218040000,add,node18,7624.095
218084552,remove,node41,10734.122
218160000,add,node19,4796.517
218160000,add,node25,3090.31
218172724,remove,node15,3576.985
218288563,remove,node7,5376.135
218297290,remove,node1,1733.172
218320961,remove,node18,7624.095
218428213,remove,node19,4796.517
218520000,add,node1,1733.172
219284189,remove,node20,1498.417
219352950,remove,node37,15778.265
219512292,remove,node24,9005.612
219600000,add,node7,5376.135
219720000,add,node15,3576.985
219720000,add,node18,7624.095
219720000,add,node19,4796.517
219720000,add,node20,1498.417
219720000,add,node24,9005.612
219720000,add,node36,20401.606
219720000,add,node37,15778.265
219840000,add,node38,99.496
219927909,remove,node7,5376.135
219993786,remove,node33,4181.91
220025047,remove,node35,1357.901
220080000,add,node7,5376.135
220080000,add,node33,4181.91
220080000,add,node35,1357.901
220099491,remove,node25,3090.31
220140000,add,node25,3090.31
220503783,remove,node21,3513.21
220562529,remove,node3,18835.051
220712385,remove,node36,20401.606
220790715,remove,node4,23864.428
221039893,remove,node8,903.753
221100000,add,node3,18835.051
221192727,remove,node2,2047.338
221357235,remove,node30,607.381
221507548,remove,node37,15778.265
221542635,remove,node43,2146.19
221594705,remove,node11,22851.191
221610026,remove,node12,4796.696
221619267,remove,node17,3317.419
221640000,add,node2,2047.338
221640000,add,node4,23864.428
221640000,add,node8,903.753
222051279,remove,node7,5376.135
222178530,remove,node29,3298.369
222180000,add,node7,5376.135
222180000,add,node11,22851.191
222180000,add,node12,4796.696
222277680,remove,node16,11012.383
222290583,remove,node28,2536.966
222600000,add,node16,11012.383
222621847,remove,node48,820.55
222730925,remove,node35,1357.901
222749655,remove,node19,4796.517
222780000,add,node17,3317.419
222780000,add,node19,4796.517
222780000,add,node21,3513.21
222840000,add,node28,2536.966
222840000,add,node29,3298.369
223042364,remove,node31,4562.841
223440000,add,node30,607.381
223440000,add,node31,4562.841
223541439,remove,node12,4796.696
223740000,add,node12,4796.696
223809078,remove,node16,11012.383
223835914,remove,node33,4181.91
223907346,remove,node27,1370.971
224100000,add,node16,11012.383
224160000,add,node27,1370.971
224178718,remove,node46,290.417
224324081,remove,node22,7843.297
224367099,remove,node21,3513.21
224400000,add,node21,3513.21
224400000,add,node22,7843.297
224400000,add,node33,4181.91
224640000,add,node35,1357.901
224640000,add,node36,20401.606
224640000,add,node37,15778.265
224640000,add,node40,2583.302
224669061,remove,node16,11012.383
224880000,add,node16,11012.383
225060000,add,node41,10734.122
225060000,add,node42,425.397
225120000,add,node43,2146.19
225120000,add,node44,2738.977
225268007,remove,node6,5022.518
225287346,remove,node20,1498.417
225360000,add,node6,5022.518
225360000,add,node20,1498.417
225420000,add,node45,1938.503
225420000,add,node46,290.417
225635685,remove,node1,1733.172
225837198,remove,node47,9878.366
226049487,remove,node28,2536.966
226068855,remove,node40,2583.302
226123911,remove,node32,4547.072
226365153,remove,node44,2738.977
226620000,add,node1,1733.172
226620000,add,node28,2536.966
226711553,remove,node35,1357.901
226942153,remove,node4,23864.428
226965294,remove,node8,903.753
226980000,add,node4,23864.428
227187660,remove,node38,99.496
227212191,remove,node24,9005.612
227247168,remove,node22,7843.297
227280000,add,node8,903.753
227280000,add,node22,7843.297
227280000,add,node24,9005.612
227300263,remove,node19,4796.517
227339982,remove,node3,18835.051
227638032,remove,node18,7624.095
227658023,remove,node5,25320.835
227658028,remove,node6,5022.518
227702582,remove,node46,290.417
227940000,add,node3,18835.051
228389444,remove,node31,4562.841
228507239,remove,node36,20401.606
228545363,remove,node29,3298.369
228600000,add,node5,25320.835
228630080,remove,node43,2146.19
228636977,remove,node9,9096.66
228638042,remove,node45,1938.503
228660000,add,node6,5022.518
228660000,add,node9,9096.66
228660000,add,node18,7624.095
228660000,add,node19,4796.517
228896823,remove,node20,1498.417
228900000,add,node20,1498.417
228900000,add,node29,3298.369
229380000,add,node31,4562.841
229380000,add,node32,4547.072
229380000,add,node35,1357.901
229438206,remove,node21,3513.21
229442186,remove,node11,22851.191
229549653,remove,node24,9005.612
229560000,add,node11,22851.191
229560000,add,node21,3513.21
229654717,remove,node26,1311.065
229740000,add,node24,9005.612
229910745,remove,node5,25320.835
229958399,remove,node4,23864.428
229980000,add,node4,23864.428
229980000,add,node5,25320.835
230040000,add,node26,1311.065
230040000,add,node36,20401.606
230045152,remove,node13,3580.937
230464628,remove,node8,903.753
230476283,remove,node39,533.613
230481168,remove,node27,1370.971
230508655,remove,node10,1792.818
230700000,add,node8,903.753
230745695,remove,node37,15778.265
230759140,remove,node17,3317.419
230832380,remove,node5,25320.835
230869510,remove,node25,3090.31
231000000,add,node5,25320.835
231000000,add,node10,1792.818
231060000,add,node13,3580.937
231060000,add,node17,3317.419
231060000,add,node25,3090.31
231060000,add,node27,1370.971
231060000,add,node37,15778.265
231060000,add,node38,99.496
231228104,remove,node19,4796.517
231320603,remove,node30,607.381
231446422,remove,node35,1357.901
231643063,remove,node3,18835.051
231930460,remove,node14,700.792
231993414,remove,node38,99.496
232200000,add,node3,18835.051
232200000,add,node14,700.792
232311734,remove,node6,5022.518
232412311,remove,node4,23864.428
232687086,remove,node1,1733.172
232824960,remove,node26,1311.065
232950034,remove,node34,7101.499
233142683,remove,node17,3317.419
233269112,remove,node27,1370.971
233451335,remove,node13,3580.937
233496953,remove,node5,25320.835
233580000,add,node1,1733.172
233580000,add,node4,23864.428
233770835,remove,node21,3513.21
234004564,remove,node41,10734.122
234240000,add,node5,25320.835
234240000,add,node6,5022.518
234240000,add,node13,3580.937
234420000,add,node17,3317.419
234420000,add,node19,4796.517
234420000,add,node21,3513.21
234420000,add,node26,1311.065
234420000,add,node27,1370.971
234892131,remove,node12,4796.696
235010142,remove,node33,4181.91
235043794,remove,node19,4796.517
235144181,remove,node42,425.397
235200000,add,node12,4796.696
235200000,add,node19,4796.517
235200000,add,node30,607.381
235200000,add,node33,4181.91
235254587,remove,node32,4547.072
235560000,add,node32,4547.072
235592377,remove,node29,3298.369
235654192,remove,node22,7843.297
235740000,add,node22,7843.297
235740000,add,node29,3298.369
235876172,remove,node8,903.753
236241338,remove,node13,3580.937
236283208,remove,node11,22851.191
236340000,add,node8,903.753
236340000,add,node11,22851.191
237015504,remove,node15,3576.985
237152981,remove,node8,903.753
237300000,add,node8,903.753
237480000,add,node13,3580.937
237480000,add,node15,3576.985
237480000,add,node34,7101.499
237511171,remove,node14,700.792
237684704,remove,node34,7101.499
238595176,remove,node32,4547.072
238680000,add,node14,700.792
238680000,add,node32,4547.072
238680000,add,node34,7101.499
238680000,add,node35,1357.901
238709200,remove,node24,9005.612
238740000,add,node24,9005.612
238740000,add,node38,99.496
238740000,add,node39,533.613
238800000,add,node40,2583.302
238800000,add,node41,10734.122
238800000,add,node42,425.397
238800000,add,node43,2146.19
238843049,remove,node37,15778.265
238927073,remove,node34,7101.499
239160000,add,node34,7101.499
239160000,add,node37,15778.265
239160000,add,node44,2738.977
239160000,add,node45,1938.503
239322755,remove,node19,4796.517
239387473,remove,node1,1733.172
239442509,remove,node35,1357.901
239447251,remove,node7,5376.135
239471299,remove,node39,533.613
239506327,remove,node41,10734.122
239520000,add,node1,1733.172
239913410,remove,node2,2047.338
239950886,remove,node14,700.792
240120139,remove,node28,2536.966
240215975,remove,node23,11372.165
240300000,add,node2,2047.338
240317393,remove,node45,1938.503
240347294,remove,node33,4181.91
240420000,add,node7,5376.135
240420000,add,node14,700.792
240458921,remove,node16,11012.383
240565587,remove,node14,700.792
240619260,remove,node8,903.753
240737914,remove,node24,9005.612
241037556,remove,node40,2583.302
241133424,remove,node18,7624.095
241175337,remove,node3,18835.051
241519689,remove,node6,5022.518
241800000,add,node3,18835.051
241800000,add,node6,5022.518
241860000,add,node8,903.753
241860000,add,node14,700.792
241860000,add,node16,11012.383
241877297,remove,node6,5022.518
242003782,remove,node29,3298.369
242190698,remove,node5,25320.835
242272504,remove,node25,3090.31
242432491,remove,node36,20401.606
242621949,remove,node1,1733.172
243070112,remove,node3,18835.051
243077370,remove,node11,22851.191
243858387,remove,node4,23864.428
243921398,remove,node43,2146.19
244140000,add,node1,1733.172
244140000,add,node3,18835.051
244200000,add,node4,23864.428
244200000,add,node5,25320.835
244275152,remove,node17,3317.419
244680000,add,node6,5022.518
244680000,add,node11,22851.191
244680000,add,node17,3317.419
244841038,remove,node37,15778.265
244862045,remove,node22,7843.297
244915856,remove,node9,9096.66
245369093,remove,node20,1498.417
245395101,remove,node2,2047.338
245400000,add,node2,2047.338
245495737,remove,node17,3317.419
245640000,add,node9,9096.66
245672845,remove,node10,1792.818
245692338,remove,node21,3513.21
245728057,remove,node26,1311.065
245760513,remove,node5,25320.835
245820000,add,node5,25320.835
246021690,remove,node3,18835.051
246046593,remove,node5,25320.835
246187134,remove,node7,5376.135
246397515,remove,node30,607.381
246577020,remove,node34,7101.499
247027916,remove,node4,23864.428
247380000,add,node3,18835.051
247380000,add,node4,23864.428
247380000,add,node5,25320.835
247440000,add,node7,5376.135
247468191,remove,node44,2738.977
247620000,add,node10,1792.818
247620000,add,node17,3317.419
247620000,add,node18,7624.095
247620000,add,node19,4796.517
247620000,add,node20,1498.417
247620000,add,node21,3513.21
247620000,add,node22,7843.297
247638995,remove,node12,4796.696
247707170,remove,node16,11012.383
247921953,remove,node7,5376.135
248250995,remove,node27,1370.971
248263561,remove,node15,3576.985
248644871,remove,node32,4547.072
248680301,remove,node9,9096.66
248760000,add,node7,5376.135
248760000,add,node9,9096.66
248880000,add,node12,4796.696
248981259,remove,node20,1498.417
249059820,remove,node42,425.397
249180000,add,node15,3576.985
249240000,add,node16,11012.383
249240165,remove,node12,4796.696
249345461,remove,node38,99.496
249360000,add,node12,4796.696
249360000,add,node20,1498.417
249678977,remove,node31,4562.841
249795434,remove,node19,4796.517
249912919,remove,node11,22851.191
250080000,add,node11,22851.191
250080000,add,node19,4796.517
250269514,remove,node15,3576.985
250358758,remove,node11,22851.191
250560000,add,node11,22851.191
250560000,add,node15,3576.985
250560000,add,node23,11372.165
250560000,add,node24,9005.612
250560000,add,node25,3090.31
250628123,remove,node14,700.792
250669223,remove,node12,4796.696
250720901,remove,node16,11012.383
251160000,add,node12,4796.696
251160000,add,node14,700.792
251340000,add,node16,11012.383
251340000,add,node26,1311.065
251340000,add,node27,1370.971
251406389,remove,node1,1733.172
251460000,add,node1,1733.172
251489005,remove,node19,4796.517
251525630,remove,node15,3576.985
251824045,remove,node25,3090.31
251834115,remove,node18,7624.095
252122098,remove,node1,1733.172
252273880,remove,node9,9096.66
252479374,remove,node4,23864.428
252835817,remove,node22,7843.297
252854320,remove,node7,5376.135
252861511,remove,node3,18835.051
252960000,add,node1,1733.172
252960000,add,node3,18835.051
252960000,add,node4,23864.428
252960000,add,node7,5376.135
252960000,add,node9,9096.66
253080000,add,node15,3576.985
253080000,add,node18,7624.095
253081481,remove,node17,3317.419
253800000,add,node17,3317.419
253800000,add,node19,4796.517
253800000,add,node22,7843.297
253800000,add,node25,3090.31
253841220,remove,node14,700.792
253992202,remove,node24,9005.612
254042517,remove,node21,3513.21
254148551,remove,node6,5022.518
254520000,add,node6,5022.518
255177833,remove,node11,22851.191
255258957,remove,node5,25320.835
255284495,remove,node25,3090.31
255480000,add,node5,25320.835
255480000,add,node11,22851.191
255480000,add,node14,700.792
256080000,add,node21,3513.21
256102005,remove,node6,5022.518
256244293,remove,node27,1370.971
256380000,add,node6,5022.518
256380000,add,node24,9005.612
256671813,remove,node1,1733.172
256740000,add,node1,1733.172
256762464,remove,node10,1792.818
257007987,remove,node1,1733.172
257022998,remove,node5,25320.835
257478058,remove,node13,3580.937
257566085,remove,node16,11012.383
257580000,add,node1,1733.172
257580000,add,node5,25320.835
257704415,remove,node7,5376.135
258094145,remove,node9,9096.66
258602456,remove,node14,700.792
258791266,remove,node6,5022.518
258869976,remove,node18,7624.095
259090055,remove,node19,4796.517
259380000,add,node6,5022.518
259380000,add,node7,5376.135
259380000,add,node9,9096.66
259575098,remove,node11,22851.191
259607647,remove,node17,3317.419
259960688,remove,node21,3513.21
260377784,remove,node12,4796.696
260623387,remove,node6,5022.518
260760000,add,node6,5022.518
260814498,remove,node2,2047.338
260859403,remove,node26,1311.065
261000000,add,node2,2047.338
261199969,remove,node7,5376.135
261209317,remove,node24,9005.612
261240000,add,node7,5376.135
261240000,add,node10,1792.818
261240000,add,node11,22851.191
261240000,add,node12,4796.696
261240000,add,node13,3580.937
261436322,remove,node3,18835.051
261720000,add,node3,18835.051
261722585,remove,node8,903.753
261755792,remove,node7,5376.135
262080000,add,node7,5376.135
262080000,add,node8,903.753
262080000,add,node14,700.792
262080000,add,node16,11012.383
262167414,remove,node16,11012.383
262560000,add,node16,11012.383
262560000,add,node17,3317.419
262560000,add,node18,7624.095
263106573,remove,node1,1733.172
263314095,remove,node6,5022.518
263580000,add,node1,1733.172
263580000,add,node6,5022.518
263724096,remove,node2,2047.338
263780069,remove,node3,18835.051
263892814,remove,node11,22851.191
264057898,remove,node7,5376.135
264180000,add,node2,2047.338
264180000,add,node3,18835.051
264182262,remove,node1,1733.172
264421098,remove,node3,18835.051
264547727,remove,node4,23864.428
264601268,remove,node8,903.753
264960000,add,node1,1733.172
264960000,add,node3,18835.051
265140000,add,node4,23864.428
265140000,add,node7,5376.135
265140000,add,node8,903.753
265140000,add,node11,22851.191
265140000,add,node19,4796.517
265140000,add,node21,3513.21
265140000,add,node24,9005.612
265167793,remove,node12,4796.696
265200000,add,node12,4796.696
265200000,add,node25,3090.31
265200000,add,node26,1311.065
265336222,remove,node20,1498.417
265552692,remove,node16,11012.383
265665647,remove,node24,9005.612
265688426,remove,node23,11372.165
265781557,remove,node3,18835.051
265860000,add,node3,18835.051
265860000,add,node16,11012.383
265860000,add,node20,1498.417
265860000,add,node23,11372.165
266015362,remove,node22,7843.297
266241689,remove,node14,700.792
266463757,remove,node17,3317.419
266564778,remove,node7,5376.135
266608059,remove,node3,18835.051
266828888,remove,node8,903.753
266865237,remove,node1,1733.172
266875514,remove,node20,1498.417
267180000,add,node1,1733.172
267180000,add,node3,18835.051
267306833,remove,node13,3580.937
267343241,remove,node3,18835.051
267530260,remove,node9,9096.66
267660000,add,node3,18835.051
267660000,add,node7,5376.135
267660000,add,node8,903.753
267660000,add,node9,9096.66
267660000,add,node13,3580.937
267660000,add,node14,700.792
267660000,add,node17,3317.419
267660000,add,node20,1498.417
267729603,remove,node2,2047.338
267840000,add,node2,2047.338
267840000,add,node22,7843.297
268318411,remove,node11,22851.191
268801452,remove,node1,1733.172
268879210,remove,node19,4796.517
269040000,add,node1,1733.172
269296215,remove,node8,903.753
269366576,remove,node12,4796.696
269738843,remove,node26,1311.065
270064691,remove,node7,5376.135
270164118,remove,node1,1733.172
270300907,remove,node15,3576.985
270331830,remove,node10,1792.818
270420000,add,node1,1733.172
270480000,add,node7,5376.135
270487570,remove,node9,9096.66
270720000,add,node8,903.753
270720000,add,node9,9096.66
270841980,remove,node14,700.792
270997158,remove,node17,3317.419
271018074,remove,node25,3090.31
271371516,remove,node2,2047.338
271440000,add,node2,2047.338
271623267,remove,node21,3513.21
271629792,remove,node9,9096.66
271800000,add,node9,9096.66
271800000,add,node10,1792.818
272211477,remove,node22,7843.297
272266539,remove,node5,25320.835
272520000,add,node5,25320.835
272520000,add,node11,22851.191
272536836,remove,node18,7624.095
272880000,add,node12,4796.696
272965316,remove,node23,11372.165
273180000,add,node14,700.792
273180000,add,node15,3576.985
273420000,add,node17,3317.419
273420000,add,node18,7624.095
273420000,add,node19,4796.517
273420000,add,node21,3513.21
273540000,add,node22,7843.297
273699271,remove,node16,11012.383
273720000,add,node16,11012.383
273720000,add,node23,11372.165
273720000,add,node24,9005.612
273720000,add,node25,3090.31
273720000,add,node26,1311.065
273720000,add,node27,1370.971
273720000,add,node28,2536.966
273720000,add,node29,3298.369
273949819,remove,node13,3580.937
273956823,remove,node27,1370.971
273960000,add,node13,3580.937
273960000,add,node27,1370.971
273960000,add,node30,607.381
273960000,add,node31,4562.841
274020000,add,node32,4547.072
274201254,remove,node4,23864.428
274246055,remove,node9,9096.66
274260000,add,node4,23864.428
274440000,add,node9,9096.66
274440000,add,node33,4181.91
274500000,add,node34,7101.499
274500000,add,node35,1357.901
274560000,add,node36,20401.606
274744176,remove,node1,1733.172
274920000,add,node1,1733.172
274920000,add,node37,15778.265
275036790,remove,node29,3298.369
275464809,remove,node31,4562.841
275520000,add,node29,3298.369
275520000,add,node31,4562.841
275634871,remove,node23,11372.165
275951322,remove,node37,15778.265
276091268,remove,node12,4796.696
276208572,remove,node22,7843.297
276229401,remove,node18,7624.095
276300000,add,node12,4796.696
276300000,add,node18,7624.095
276736877,remove,node28,2536.966
276839402,remove,node32,4547.072
276964614,remove,node2,2047.338
276983268,remove,node8,903.753
276984633,remove,node20,1498.417
277224621,remove,node7,5376.135
277680000,add,node2,2047.338
277822029,remove,node11,22851.191
277844898,remove,node13,3580.937
278298923,remove,node4,23864.428
278340000,add,node4,23864.428
278431947,remove,node35,1357.901
278511972,remove,node14,700.792
278716868,remove,node25,3090.31
278760000,add,node7,5376.135
278760000,add,node8,903.753
278760000,add,node11,22851.191
278760000,add,node13,3580.937
279060000,add,node14,700.792
279084231,remove,node17,3317.419
279349612,remove,node15,3576.985
279723901,remove,node34,7101.499
279780000,add,node15,3576.985
279780000,add,node17,3317.419
279839773,remove,node8,903.753
280013566,remove,node15,3576.985
280208785,remove,node16,11012.383
280221434,remove,node10,1792.818
280268240,remove,node29,3298.369
280276266,remove,node9,9096.66
280445411,remove,node13,3580.937
280884294,remove,node6,5022.518
281059147,remove,node21,3513.21
281220000,add,node6,5022.518
281417949,remove,node1,1733.172
281543892,remove,node11,22851.191
281963606,remove,node2,2047.338
282301335,remove,node7,5376.135
282347022,remove,node14,700.792
282449532,remove,node24,9005.612
282901896,remove,node6,5022.518
282947173,remove,node31,4562.841
283104178,remove,node33,4181.91
283200000,add,node1,1733.172
283321957,remove,node17,3317.419
283440000,add,node2,2047.338
283440000,add,node6,5022.518
283440000,add,node7,5376.135
283440000,add,node8,903.753
283458425,remove,node3,18835.051
283571433,remove,node6,5022.518
283625885,remove,node27,1370.971
284314720,remove,node8,903.753
284953008,remove,node5,25320.835
285060000,add,node3,18835.051
285060000,add,node5,25320.835
285060000,add,node6,5022.518
285060000,add,node8,903.753
285060000,add,node9,9096.66
285600000,add,node10,1792.818
285600000,add,node11,22851.191
285600000,add,node13,3580.937
285600000,add,node14,700.792
285600000,add,node15,3576.985
285660000,remove,node14,700.792
285754600,remove,node26,1311.065
286477241,remove,node5,25320.835
286620000,add,node5,25320.835
286620000,add,node14,700.792
287160000,add,node16,11012.383
287160000,add,node17,3317.419
287220000,add,node20,1498.417
287220000,add,node21,3513.21
287280000,add,node22,7843.297
287280000,add,node23,11372.165
287727725,remove,node13,3580.937
287847563,remove,node9,9096.66
287880000,add,node9,9096.66
288060000,add,node13,3580.937
288263465,remove,node18,7624.095
288360000,add,node18,7624.095
288360000,add,node24,9005.612
288480000,add,node25,3090.31
288480000,add,node26,1311.065
288480000,add,node27,1370.971
288480000,add,node28,2536.966
288605924,remove,node8,903.753
288644486,remove,node3,18835.051
288657920,remove,node19,4796.517
288674132,remove,node30,607.381
288709401,remove,node15,3576.985
288856964,remove,node10,1792.818
288882053,remove,node5,25320.835
289080000,add,node3,18835.051
289080000,add,node5,25320.835
289140000,add,node8,903.753
289200000,add,node10,1792.818
289279183,remove,node20,1498.417
289325612,remove,node27,1370.971
289327544,remove,node5,25320.835
289337163,remove,node14,700.792
289380000,add,node5,25320.835
289380000,add,node14,700.792
289621246,remove,node16,11012.383
289680000,add,node15,3576.985
289733247,remove,node5,25320.835
289920000,add,node5,25320.835
289920000,add,node16,11012.383
289920000,add,node19,4796.517
289920000,add,node20,1498.417
289920000,add,node27,1370.971
289920000,add,node29,3298.369
290649142,remove,node12,4796.696
290683548,remove,node2,2047.338
290861255,remove,node18,7624.095
290976716,remove,node28,2536.966
291047494,remove,node27,1370.971
291120000,add,node2,2047.338
291232918,remove,node13,3580.937
291427264,remove,node10,1792.818
291723604,remove,node1,1733.172
291840000,add,node1,1733.172
291840000,add,node10,1792.818
291943565,remove,node22,7843.297
292320000,add,node12,4796.696
292320000,add,node13,3580.937
292320000,add,node18,7624.095
292320000,add,node22,7843.297
292320000,add,node27,1370.971
292440000,add,node28,2536.966
292500000,add,node30,607.381
292500000,add,node31,4562.841
292500000,add,node32,4547.072
292500000,add,node33,4181.91
292544645,remove,node16,11012.383
292594919,remove,node33,4181.91
292690510,remove,node15,3576.985
292899862,remove,node26,1311.065
292962834,remove,node5,25320.835
293340000,add,node5,25320.835
293400000,add,node15,3576.985
293461867,remove,node20,1498.417
293529339,remove,node9,9096.66
293820000,add,node9,9096.66
294100575,remove,node30,607.381
294163938,remove,node18,7624.095
294198474,remove,node3,18835.051
294783024,remove,node5,25320.835
295620000,add,node3,18835.051
295620000,add,node5,25320.835
295620000,add,node16,11012.383
295740000,add,node18,7624.095
295740000,add,node20,1498.417
295740000,add,node26,1311.065
295740000,add,node30,607.381
295740000,add,node33,4181.91
295795247,remove,node6,5022.518
295937247,remove,node36,20401.606
295980000,add,node6,5022.518
295980000,add,node34,7101.499
295985917,remove,node8,903.753
296270950,remove,node13,3580.937
296282404,remove,node11,22851.191
296638860,remove,node3,18835.051
296760000,add,node3,18835.051
296760000,add,node8,903.753
296760000,add,node11,22851.191
296963516,remove,node27,1370.971
296981296,remove,node24,9005.612
297066044,remove,node21,3513.21
297366079,remove,node4,23864.428
297477544,remove,node33,4181.91
297529299,remove,node2,2047.338
297540000,add,node2,2047.338
297540000,add,node4,23864.428
297540000,add,node13,3580.937
297600000,add,node21,3513.21
297660000,add,node24,9005.612
297738296,remove,node2,2047.338
297804850,remove,node31,4562.841
297928280,remove,node14,700.792
297978095,remove,node23,11372.165
298104773,remove,node10,1792.818
298261499,remove,node22,7843.297
298306264,remove,node34,7101.499
298331035,remove,node26,1311.065
298520396,remove,node1,1733.172
298693632,remove,node4,23864.428
298843499,remove,node7,5376.135
298888696,remove,node20,1498.417
299280000,add,node1,1733.172
299280000,add,node2,2047.338
299280000,add,node4,23864.428
299362125,remove,node19,4796.517
299430410,remove,node17,3317.419
299491671,remove,node15,3576.985
299614335,remove,node28,2536.966
299706405,remove,node18,7624.095
300232196,remove,node29,3298.369
300960000,add,node7,5376.135
300960000,add,node10,1792.818
301080000,add,node14,700.792
301291870,remove,node8,903.753
301340472,remove,node5,25320.835
301458084,remove,node16,11012.383
301680000,add,node5,25320.835
302033474,remove,node5,25320.835
302294264,remove,node9,9096.66
302342897,remove,node2,2047.338
302400000,add,node2,2047.338
302760000,add,node5,25320.835
302820000,add,node8,903.753
302820000,add,node9,9096.66
302820000,add,node15,3576.985
302820000,add,node16,11012.383
302820000,add,node17,3317.419
303000000,add,node18,7624.095
303000000,add,node19,4796.517
303000000,add,node20,1498.417
303000000,add,node22,7843.297
303000000,add,node23,11372.165
303000000,add,node26,1311.065
303067259,remove,node8,903.753
303077451,remove,node17,3317.419
303170031,remove,node21,3513.21
303182389,remove,node11,22851.191
303338987,remove,node3,18835.051
303472483,remove,node16,11012.383
303540000,add,node3,18835.051
303900000,add,node8,903.753
304049733,remove,node30,607.381
304080000,add,node11,22851.191
304080000,add,node16,11012.383
304080000,add,node17,3317.419
304158365,remove,node24,9005.612
304276698,remove,node8,903.753
304452254,remove,node26,1311.065
304500000,add,node8,903.753
304500000,add,node21,3513.21
304500000,add,node24,9005.612
304548777,remove,node7,5376.135
304615203,remove,node8,903.753
304811888,remove,node13,3580.937
305161518,remove,node2,2047.338
305244280,remove,node23,11372.165
305267193,remove,node17,3317.419
305737377,remove,node11,22851.191
306178785,remove,node14,700.792
306240000,add,node2,2047.338
306255365,remove,node1,1733.172
306398128,remove,node24,9005.612
306480000,add,node1,1733.172
306480000,add,node7,5376.135
306540500,remove,node18,7624.095
306671600,remove,node25,3090.31
306720000,add,node8,903.753
307298154,remove,node7,5376.135
307312337,remove,node12,4796.696
307620000,add,node7,5376.135
307620000,add,node11,22851.191
307686385,remove,node32,4547.072
308520000,add,node12,4796.696
308668258,remove,node15,3576.985
308813896,remove,node10,1792.818
308820000,add,node10,1792.818
308820000,add,node13,3580.937
308820000,add,node14,700.792
308820000,add,node15,3576.985
308820000,add,node17,3317.419
308820000,add,node18,7624.095
308940000,add,node23,11372.165
309030136,remove,node1,1733.172
309099678,remove,node16,11012.383
310140000,add,node1,1733.172
310228781,remove,node1,1733.172
310505756,remove,node23,11372.165
310669510,remove,node10,1792.818
310692317,remove,node6,5022.518
311324823,remove,node8,903.753
311450654,remove,node5,25320.835
311483117,remove,node13,3580.937
311508390,remove,node18,7624.095
311517494,remove,node12,4796.696
311880000,add,node1,1733.172
311880000,add,node5,25320.835
311880000,add,node6,5022.518
312120000,add,node8,903.753
312120000,add,node10,1792.818
312120000,add,node12,4796.696
312120000,add,node13,3580.937
312149982,remove,node21,3513.21
312180000,add,node16,11012.383
312300000,add,node18,7624.095
312300000,add,node21,3513.21
312584235,remove,node15,3576.985
312660000,add,node15,3576.985
313080000,add,node23,11372.165
313080000,add,node24,9005.612
313168406,remove,node20,1498.417
313616781,remove,node16,11012.383
313620000,add,node16,11012.383
313620000,add,node20,1498.417
313793632,remove,node14,700.792
313855963,remove,node20,1498.417
314100000,add,node14,700.792
314100000,add,node20,1498.417
314100000,add,node25,3090.31
314100000,add,node26,1311.065
314100000,add,node27,1370.971
314160000,add,node28,2536.966
314285247,remove,node17,3317.419
314580000,add,node17,3317.419
314590149,remove,node27,1370.971
314740156,remove,node19,4796.517
314952589,remove,node16,11012.383
315360000,add,node16,11012.383
315360000,add,node19,4796.517
315360000,add,node27,1370.971
315360000,add,node29,3298.369
315420000,add,node30,607.381
315540000,add,node31,4562.841
315600000,add,node32,4547.072
315760808,remove,node7,5376.135
316080000,add,node7,5376.135
316080000,add,node33,4181.91
316080000,add,node34,7101.499
316080000,add,node35,1357.901
316172165,remove,node18,7624.095
316234665,remove,node12,4796.696
316288150,remove,node9,9096.66
316317825,remove,node11,22851.191
316380000,add,node9,9096.66
316380000,add,node11,22851.191
316595920,remove,node25,3090.31
317239909,remove,node15,3576.985
317543791,remove,node29,3298.369
317582633,remove,node35,1357.901
317591115,remove,node21,3513.21
317650298,remove,node14,700.792
317998387,remove,node11,22851.191
318000000,add,node11,22851.191
318000000,add,node12,4796.696
318137975,remove,node22,7843.297
318166577,remove,node5,25320.835
318360000,add,node5,25320.835
318524051,remove,node28,2536.966
318674507,remove,node26,1311.065
318780000,add,node14,700.792
318840000,add,node15,3576.985
318866371,remove,node10,1792.818
318918676,remove,node17,3317.419
319052652,remove,node31,4562.841
319072814,remove,node7,5376.135
319080000,add,node7,5376.135
319440000,add,node10,1792.818
319440000,add,node17,3317.419
319680000,add,node18,7624.095
319680000,add,node21,3513.21
319907217,remove,node24,9005.612
320034886,remove,node20,1498.417
320100000,add,node20,1498.417
320160000,add,node22,7843.297
320160000,add,node24,9005.612
320160000,add,node25,3090.31
320243929,remove,node2,2047.338
320269979,remove,node6,5022.518
320340000,add,node2,2047.338
320340000,add,node6,5022.518
320340000,add,node26,1311.065
320580000,add,node28,2536.966
320580000,add,node29,3298.369
320700000,add,node31,4562.841
320700000,add,node35,1357.901
320700000,add,node36,20401.606
320703221,remove,node23,11372.165
320755461,remove,node21,3513.21
320940000,add,node21,3513.21
320940000,add,node23,11372.165
320940000,add,node37,15778.265
320940000,add,node38,99.496
320940000,add,node39,533.613
321240000,add,node40,2583.302
321256764,remove,node16,11012.383
321389411,remove,node12,4796.696
321524537,remove,node6,5022.518
321623977,remove,node13,3580.937
321681757,remove,node19,4796.517
321682764,remove,node4,23864.428
321720000,add,node4,23864.428
321739027,remove,node34,7101.499
322132423,remove,node24,9005.612
322402320,remove,node33,4181.91
322684289,remove,node15,3576.985
322883915,remove,node7,5376.135
322996206,remove,node32,4547.072
323220000,add,node6,5022.518
323230706,remove,node27,1370.971
323266108,remove,node23,11372.165
323556624,remove,node5,25320.835
323582006,remove,node20,1498.417
323692914,remove,node36,20401.606
323700000,add,node5,25320.835
323730378,remove,node26,1311.065
323760000,add,node7,5376.135
323760000,add,node12,4796.696
323760000,add,node13,3580.937
323820000,add,node15,3576.985
323820000,add,node16,11012.383
323820000,add,node19,4796.517
323911175,remove,node39,533.613
324176136,remove,node9,9096.66
324288738,remove,node31,4562.841
324337089,remove,node13,3580.937
324476678,remove,node37,15778.265
324480000,add,node9,9096.66
324540000,add,node13,3580.937
324540000,add,node20,1498.417
324698303,remove,node5,25320.835
324837028,remove,node29,3298.369
325140000,add,node5,25320.835
325260000,add,node23,11372.165
325380000,add,node24,9005.612
325437269,remove,node40,2583.302
325480653,remove,node13,3580.937
325540440,remove,node3,18835.051
325740000,add,node3,18835.051
325740000,add,node13,3580.937
325740000,add,node26,1311.065
325740000,add,node27,1370.971
325740000,add,node29,3298.369
325740000,add,node31,4562.841
325847197,remove,node23,11372.165
325945270,remove,node26,1311.065
325980000,add,node23,11372.165
326036216,remove,node25,3090.31
326100000,add,node25,3090.31
326100000,add,node26,1311.065
326100000,add,node32,4547.072
326383995,remove,node24,9005.612
326460000,add,node24,9005.612
326520000,add,node33,4181.91
326520000,add,node34,7101.499
326520000,add,node36,20401.606
326520000,add,node37,15778.265
326582645,remove,node23,11372.165
326594210,remove,node11,22851.191
326784817,remove,node2,2047.338
326799867,remove,node19,4796.517
326823263,remove,node32,4547.072
326919827,remove,node25,3090.31
326921831,remove,node9,9096.66
326935496,remove,node8,903.753
327000000,add,node2,2047.338
327128261,remove,node24,9005.612
327240000,add,node8,903.753
327240000,add,node9,9096.66
327540000,add,node11,22851.191
327545300,remove,node36,20401.606
327626937,remove,node33,4181.91
327692631,remove,node12,4796.696
327780000,add,node12,4796.696
327780000,add,node19,4796.517
327878098,remove,node2,2047.338
328325603,remove,node17,3317.419
328860000,add,node2,2047.338
328998492,remove,node22,7843.297
329097810,remove,node38,99.496
329206141,remove,node9,9096.66
329235917,remove,node26,1311.065
329280000,add,node9,9096.66
330039877,remove,node21,3513.21
330480000,add,node17,3317.419
330480000,add,node21,3513.21
330480000,add,node22,7843.297
330577409,remove,node20,1498.417
330782573,remove,node4,23864.428
330785041,remove,node5,25320.835
330840000,add,node4,23864.428
330840000,add,node5,25320.835
330840000,add,node20,1498.417
330945014,remove,node37,15778.265
330960000,add,node23,11372.165
330960000,add,node24,9005.612
330960000,add,node25,3090.31
330960000,add,node26,1311.065
330960000,add,node32,4547.072
331061120,remove,node3,18835.051
331097742,remove,node34,7101.499
331142424,remove,node1,1733.172
331342696,remove,node13,3580.937
331452922,remove,node29,3298.369
331620000,add,node1,1733.172
331620000,add,node3,18835.051
331621716,remove,node27,1370.971
331654786,remove,node20,1498.417
331680000,add,node13,3580.937
331715439,remove,node32,4547.072
331740000,add,node20,1498.417
331800000,add,node27,1370.971
331800000,add,node29,3298.369
331822800,remove,node1,1733.172
331917722,remove,node4,23864.428
331920000,add,node1,1733.172
331920000,add,node4,23864.428
331920000,add,node32,4547.072
331920000,add,node33,4181.91
331920000,add,node34,7101.499
331980000,add,node36,20401.606
332040000,add,node37,15778.265
332040000,add,node38,99.496
332081970,remove,node32,4547.072
332151499,remove,node27,1370.971
332340000,add,node27,1370.971
332340000,add,node32,4547.072
332340000,add,node39,533.613
332580000,add,node40,2583.302
332580000,add,node41,10734.122
332608968,remove,node9,9096.66
332700000,add,node9,9096.66
332704108,remove,node32,4547.072
332820000,add,node32,4547.072
332820000,add,node42,425.397
333098269,remove,node12,4796.696
333230263,remove,node23,11372.165
333240000,add,node12,4796.696
333240000,add,node23,11372.165
333240000,add,node43,2146.19
333240000,add,node44,2738.977
333240000,add,node45,1938.503
333240000,add,node46,290.417
333300000,add,node47,9878.366
333300000,add,node48,820.55
333360000,add,node49,3340.049
333382560,remove,node21,3513.21
333780000,add,node21,3513.21
333780000,add,node50,2111.861
333780000,add,node51,23867.386
333900000,add,node52,9102.858
333900000,add,node53,9621.274
333900000,add,node54,424.278
333900000,add,node55,829.673
333900000,add,node56,4323.072
333925987,remove,node6,5022.518
333960000,add,node6,5022.518
333960000,add,node57,2762.18
334038214,remove,node13,3580.937
334047156,remove,node3,18835.051
334094680,remove,node10,1792.818
334324278,remove,node54,424.278
334552438,remove,node38,99.496
334555036,remove,node36,20401.606
334595287,remove,node32,4547.072
334627486,remove,node30,607.381
334729673,remove,node55,829.673
335043609,remove,node8,903.753
335261754,remove,node26,1311.065
335466430,remove,node22,7843.297
335507023,remove,node6,5022.518
335518610,remove,node41,10734.122
335580000,add,node3,18835.051
335580000,add,node6,5022.518
335760000,add,node8,903.753
335760000,add,node10,1792.818
335828844,remove,node46,290.417
335840018,remove,node29,3298.369
335891861,remove,node50,2111.861
335924076,remove,node10,1792.818
336083624,remove,node18,7624.095
336115340,remove,node43,2146.19
336172675,remove,node34,7101.499
336240000,add,node10,1792.818
336240000,add,node13,3580.937
336240000,add,node18,7624.095
336240000,add,node22,7843.297
336240000,add,node26,1311.065
336299695,remove,node31,4562.841
336300000,add,node13,3580.937
336300000,add,node29,3298.369
336300000,remove,node13,3580.937
336368688,remove,node42,425.397
336722180,remove,node57,2762.18
336730459,remove,node33,4181.91
336813066,remove,node49,3340.049
336827331,remove,node19,4796.517
337105224,remove,node37,15778.265
337197496,remove,node25,3090.31
337210566,remove,node20,1498.417
337413182,remove,node11,22851.191
337424748,remove,node4,23864.428
337713569,remove,node14,700.792
337885014,remove,node13,3580.937
337887327,remove,node10,1792.818
338184605,remove,node3,18835.051
338199736,remove,node21,3513.21
338223072,remove,node56,4323.072
338502953,remove,node22,7843.297
338599883,remove,node15,3576.985
338789132,remove,node1,1733.172
338825187,remove,node44,2738.977
338940000,add,node1,1733.172
338940000,add,node3,18835.051
339000000,add,node4,23864.428
339000000,add,node10,1792.818
339031598,remove,node35,1357.901
339060000,add,node11,22851.191
339540000,add,node13,3580.937
339540000,add,node14,700.792
339540000,add,node15,3576.985
339660000,add,node19,4796.517
339998147,remove,node8,903.753
340029457,remove,node48,820.55
340080000,add,node8,903.753
340140000,add,node20,1498.417
340140000,add,node21,3513.21
340140000,add,node22,7843.297
340140000,add,node25,3090.31
340140000,add,node30,607.381
340287358,remove,node28,2536.966
340603667,remove,node24,9005.612
340819408,remove,node18,7624.095
340916956,remove,node17,3317.419
340931666,remove,node29,3298.369
341278734,remove,node12,4796.696
341280000,add,node12,4796.696
341340000,add,node17,3317.419
341423995,remove,node2,2047.338
341520000,add,node2,2047.338
341580000,add,node18,7624.095
341679555,remove,node1,1733.172
341680130,remove,node45,1938.503
341688679,remove,node39,533.613
341725738,remove,node19,4796.517
341808013,remove,node7,5376.135
341816592,remove,node25,3090.31
341820000,add,node1,1733.172
341880000,add,node7,5376.135
341880000,add,node19,4796.517
341976355,remove,node9,9096.66
342180000,add,node9,9096.66
342360000,add,node24,9005.612
342360000,add,node25,3090.31
342360000,add,node28,2536.966
342540000,add,node29,3298.369
342681408,remove,node18,7624.095
342714124,remove,node26,1311.065
342727213,remove,node12,4796.696
342743563,remove,node8,903.753
342848278,remove,node6,5022.518
342960000,add,node6,5022.518
342960000,add,node8,903.753
342960000,add,node12,4796.696
342960000,add,node18,7624.095
343002858,remove,node52,9102.858
343135036,remove,node7,5376.135
343260000,add,node7,5376.135
343260000,add,node26,1311.065
343260000,add,node31,4562.841
343260000,add,node32,4547.072
343260000,add,node33,4181.91
343260000,add,node34,7101.499
343325554,remove,node4,23864.428
343521274,remove,node53,9621.274
343740000,add,node4,23864.428
343740000,add,node35,1357.901
343740000,add,node36,20401.606
343800000,add,node37,15778.265
343800000,add,node38,99.496
343800000,add,node39,533.613
343800000,add,node41,10734.122
344006412,remove,node1,1733.172
344061945,remove,node32,4547.072
344520000,add,node1,1733.172
344520000,add,node32,4547.072
344520000,add,node42,425.397
344536595,remove,node9,9096.66
344570983,remove,node17,3317.419
344640000,add,node9,9096.66
345000000,add,node17,3317.419
345002359,remove,node42,425.397
345028592,remove,node39,533.613
345060000,add,node39,533.613
345117879,remove,node14,700.792
345365422,remove,node5,25320.835
345414812,remove,node40,2583.302
345430889,remove,node22,7843.297
345615346,remove,node16,11012.383
345622792,remove,node47,9878.366
345769827,remove,node24,9005.612
346120807,remove,node36,20401.606
346153784,remove,node30,607.381
346294429,remove,node10,1792.818
346320000,add,node5,25320.835
346498361,remove,node9,9096.66
346740000,add,node9,9096.66
346740000,add,node10,1792.818
346836046,remove,node28,2536.966
346860000,add,node14,700.792
346920000,add,node16,11012.383
346926932,remove,node34,7101.499
347040000,add,node22,7843.297
347040000,add,node24,9005.612
347100000,add,node28,2536.966
347375905,remove,node25,3090.31
347460000,add,node25,3090.31
347460000,add,node30,607.381
347460000,add,node34,7101.499
347460000,add,node36,20401.606
347460000,add,node40,2583.302
347716309,remove,node12,4796.696
347836909,remove,node21,3513.21
348120000,add,node12,4796.696
348120000,add,node21,3513.21
348120000,add,node42,425.397
348120000,add,node43,2146.19
348246847,remove,node35,1357.901
348300000,add,node35,1357.901
348300000,add,node44,2738.977
348434034,remove,node40,2583.302
348671196,remove,node3,18835.051
348900000,add,node3,18835.051
348900000,add,node40,2583.302
348900000,add,node45,1938.503
348900000,add,node46,290.417
348921648,remove,node19,4796.517
348957557,remove,node4,23864.428
348960000,add,node4,23864.428
348971704,remove,node36,20401.606
349122398,remove,node41,10734.122
349140000,add,node19,4796.517
349140000,add,node36,20401.606
349140000,add,node41,10734.122
349140000,add,node47,9878.366
349428219,remove,node34,7101.499
349448081,remove,node22,7843.297
349636550,remove,node4,23864.428
349652379,remove,node14,700.792
349684421,remove,node6,5022.518
349740000,add,node4,23864.428
349883265,remove,node11,22851.191
349923436,remove,node43,2146.19
349945600,remove,node42,425.397
350089660,remove,node23,11372.165
350300028,remove,node9,9096.66
350528553,remove,node41,10734.122
350751441,remove,node13,3580.937
350778950,remove,node3,18835.051
350808700,remove,node12,4796.696
350844784,remove,node25,3090.31
350940000,add,node3,18835.051
350940000,add,node6,5022.518
350949802,remove,node10,1792.818
350974364,remove,node39,533.613
350998758,remove,node32,4547.072
351052225,remove,node24,9005.612
351432807,remove,node35,1357.901
351540000,add,node9,9096.66
351540000,add,node10,1792.818
351540000,add,node11,22851.191
351540000,add,node12,4796.696
351610749,remove,node30,607.381
351671030,remove,node16,11012.383
351731970,remove,node46,290.417
351750343,remove,node8,903.753
351780000,add,node8,903.753
351780000,add,node13,3580.937
351780000,add,node14,700.792
351780000,add,node16,11012.383
351923767,remove,node6,5022.518
352167786,remove,node16,11012.383
352500000,add,node6,5022.518
352500000,add,node16,11012.383
352500000,add,node22,7843.297
352530664,remove,node2,2047.338
352777316,remove,node33,4181.91
352871299,remove,node4,23864.428
352996456,remove,node21,3513.21
353129942,remove,node3,18835.051
353220000,add,node2,2047.338
353252802,remove,node27,1370.971
353285697,remove,node22,7843.297
353292759,remove,node13,3580.937
353299285,remove,node16,11012.383
353340000,add,node3,18835.051
353351450,remove,node47,9878.366
353659841,remove,node40,2583.302
353695882,remove,node28,2536.966
353711608,remove,node15,3576.985
354240000,add,node4,23864.428
354240000,add,node13,3580.937
354420000,add,node15,3576.985
354420000,add,node16,11012.383
354480000,add,node21,3513.21
354635586,remove,node21,3513.21
354727820,remove,node8,903.753
355295023,remove,node13,3580.937
355380000,add,node8,903.753
355380000,add,node13,3580.937
355739278,remove,node29,3298.369
355860000,add,node21,3513.21
356220000,add,node22,7843.297
356462517,remove,node7,5376.135
356667204,remove,node45,1938.503
356736286,remove,node18,7624.095
356788531,remove,node14,700.792
356820000,add,node7,5376.135
356820000,add,node14,700.792
356820000,add,node18,7624.095
356820000,add,node23,11372.165
356831192,remove,node5,25320.835
356925240,remove,node37,15778.265
356972786,remove,node8,903.753
357647386,remove,node51,23867.386
358153619,remove,node17,3317.419
358560000,add,node5,25320.835
358800000,add,node8,903.753
358800000,add,node17,3317.419
358800000,add,node24,9005.612
358800000,add,node25,3090.31
358860000,add,node27,1370.971
358860000,add,node28,2536.966
358899747,remove,node23,11372.165
358980000,add,node23,11372.165
358998869,remove,node20,1498.417
359039761,remove,node9,9096.66
359091521,remove,node36,20401.606
359202764,remove,node38,99.496
359220000,add,node9,9096.66
359220000,add,node20,1498.417
359220000,add,node29,3298.369
359220000,add,node30,607.381
359220000,add,node32,4547.072
359220000,add,node33,4181.91
359220000,add,node34,7101.499
359269501,remove,node44,2738.977
359359835,remove,node7,5376.135
359365797,remove,node10,1792.818
359400000,add,node7,5376.135
359400000,add,node10,1792.818
359400000,add,node35,1357.901
359400000,add,node36,20401.606
359441332,remove,node2,2047.338
359460000,add,node2,2047.338
359460000,add,node37,15778.265
359460000,add,node38,99.496
359650204,remove,node36,20401.606
359672035,remove,node1,1733.172
359717174,remove,node27,1370.971
359717429,remove,node18,7624.095
359759315,remove,node28,2536.966
359760000,add,node1,1733.172
359760000,add,node18,7624.095
359820000,add,node27,1370.971
359880000,add,node28,2536.966
359880000,add,node36,20401.606
359880000,add,node39,533.613
359880000,add,node40,2583.302
359880000,add,node41,10734.122
359914565,remove,node7,5376.135
360060000,add,node7,5376.135
360120000,add,node42,425.397
360137097,remove,node30,607.381
360421333,remove,node29,3298.369
360480000,add,node29,3298.369
360480000,add,node30,607.381
360686379,remove,node1,1733.172
361020000,add,node1,1733.172
361079875,remove,node18,7624.095
361125533,remove,node19,4796.517
361146862,remove,node13,3580.937
361191541,remove,node11,22851.191
361320000,add,node11,22851.191
361363873,remove,node9,9096.66
361512961,remove,node38,99.496
361673280,remove,node28,2536.966
361872953,remove,node32,4547.072
361917036,remove,node42,425.397
361920000,add,node9,9096.66
361920000,add,node13,3580.937
362340000,add,node18,7624.095
362340000,add,node19,4796.517
362438855,remove,node11,22851.191
362820000,add,node11,22851.191
362909011,remove,node25,3090.31
363041469,remove,node35,1357.901
363060000,add,node25,3090.31
363061407,remove,node5,25320.835
363125311,remove,node16,11012.383
363209665,remove,node30,607.381
363245821,remove,node34,7101.499
363300000,add,node5,25320.835
363300000,add,node16,11012.383
363420000,add,node28,2536.966
363501976,remove,node31,4562.841
363567109,remove,node18,7624.095
363920749,remove,node8,903.753
364402656,remove,node7,5376.135
364500000,add,node7,5376.135
364500000,add,node8,903.753
364500000,add,node18,7624.095
364500000,add,node30,607.381
364560000,add,node31,4562.841
364596861,remove,node10,1792.818
364627419,remove,node30,607.381
364673250,remove,node15,3576.985
364677076,remove,node23,11372.165
364800000,add,node10,1792.818
364800000,add,node15,3576.985
364908329,remove,node16,11012.383
365040000,add,node16,11012.383
365273874,remove,node28,2536.966
365280000,add,node23,11372.165
365291269,remove,node16,11012.383
365314332,remove,node29,3298.369
365325440,remove,node14,700.792
365517388,remove,node12,4796.696
365523065,remove,node1,1733.172
365615420,remove,node7,5376.135
365634617,remove,node37,15778.265
365640000,add,node1,1733.172
365640000,add,node7,5376.135
365640000,add,node12,4796.696
365640000,add,node14,700.792
365700000,add,node16,11012.383
365700000,add,node28,2536.966
365765567,remove,node10,1792.818
365846608,remove,node4,23864.428
365849293,remove,node39,533.613
365952332,remove,node2,2047.338
366094931,remove,node5,25320.835
366480000,add,node2,2047.338
366480000,add,node4,23864.428
366565688,remove,node36,20401.606
366600000,add,node5,25320.835
366707647,remove,node28,2536.966
366896672,remove,node15,3576.985
367200000,add,node10,1792.818
367293603,remove,node21,3513.21
367740000,add,node15,3576.985
367740000,add,node21,3513.21
367800000,add,node28,2536.966
367800000,add,node29,3298.369
367812148,remove,node25,3090.31
367980000,add,node25,3090.31
368632831,remove,node31,4562.841
368684552,remove,node1,1733.172
368760000,add,node1,1733.172
368760000,add,node30,607.381
368820000,add,node31,4562.841
368871149,remove,node15,3576.985
368987093,remove,node7,5376.135
369000000,add,node7,5376.135
369000000,add,node15,3576.985
369000000,add,node32,4547.072
369000000,add,node34,7101.499
369003545,remove,node14,700.792
369030198,remove,node31,4562.841
369080150,remove,node7,5376.135
369279937,remove,node25,3090.31
369407275,remove,node40,2583.302
369645135,remove,node20,1498.417
369671507,remove,node3,18835.051
369848481,remove,node11,22851.191
369887167,remove,node19,4796.517
369900000,add,node3,18835.051
369903136,remove,node5,25320.835
369920025,remove,node6,5022.518
369960000,add,node5,25320.835
370020000,add,node6,5022.518
370049504,remove,node26,1311.065
370080000,add,node7,5376.135
370080000,add,node11,22851.191
370080000,add,node14,700.792
370140000,add,node19,4796.517
370140000,add,node20,1498.417
370140000,add,node25,3090.31
370140000,add,node26,1311.065
370140000,add,node31,4562.841
370289627,remove,node10,1792.818
370436477,remove,node15,3576.985
370578323,remove,node30,607.381
370620000,add,node10,1792.818
370620000,add,node15,3576.985
370687626,remove,node17,3317.419
370821520,remove,node5,25320.835
370940750,remove,node20,1498.417
371036323,remove,node2,2047.338
371040000,add,node2,2047.338
371040000,add,node5,25320.835
371040000,add,node17,3317.419
371280000,add,node20,1498.417
371343197,remove,node8,903.753
371558176,remove,node41,10734.122
371823593,remove,node4,23864.428
372060000,add,node4,23864.428
372230170,remove,node19,4796.517
372285512,remove,node29,3298.369
372300000,add,node8,903.753
372443099,remove,node6,5022.518
372527885,remove,node2,2047.338
372629533,remove,node27,1370.971
372652171,remove,node28,2536.966
372669110,remove,node8,903.753
372780000,add,node2,2047.338
372854627,remove,node34,7101.499
373080000,add,node6,5022.518
373145116,remove,node26,1311.065
373362451,remove,node25,3090.31
373367616,remove,node7,5376.135
373515870,remove,node15,3576.985
373543743,remove,node9,9096.66
373562097,remove,node11,22851.191
373602728,remove,node22,7843.297
374004340,remove,node1,1733.172
374186385,remove,node31,4562.841
374190061,remove,node13,3580.937
374207039,remove,node24,9005.612
374301182,remove,node17,3317.419
374344193,remove,node12,4796.696
374760000,add,node1,1733.172
374820000,add,node7,5376.135
374820000,add,node8,903.753
375000000,add,node9,9096.66
375000000,add,node11,22851.191
375180000,add,node12,4796.696
375230226,remove,node20,1498.417
375780000,add,node13,3580.937
375862335,remove,node18,7624.095
375920614,remove,node3,18835.051
375989614,remove,node1,1733.172
376011753,remove,node2,2047.338
376320000,add,node1,1733.172
376590798,remove,node8,903.753
376920000,add,node2,2047.338
376965481,remove,node12,4796.696
377100000,add,node3,18835.051
377199628,remove,node21,3513.21
377340000,add,node8,903.753
377340000,add,node12,4796.696
377400000,add,node15,3576.985
377460000,add,node17,3317.419
377940000,add,node18,7624.095
378060000,add,node19,4796.517
378060000,add,node20,1498.417
378111750,remove,node1,1733.172
378247551,remove,node6,5022.518
378480835,remove,node14,700.792
378660000,add,node1,1733.172
378984155,remove,node1,1733.172
379034453,remove,node20,1498.417
379260000,add,node1,1733.172
379260000,add,node6,5022.518
379260000,add,node14,700.792
379260000,add,node20,1498.417
379339626,remove,node4,23864.428
379485970,remove,node19,4796.517
379550815,remove,node9,9096.66
379597204,remove,node7,5376.135
379799018,remove,node1,1733.172
379980000,add,node1,1733.172
379980000,add,node4,23864.428
380040000,add,node7,5376.135
380040000,add,node9,9096.66
380040000,add,node19,4796.517
380460000,add,node21,3513.21
380460000,add,node22,7843.297
380460000,add,node24,9005.612
380793012,remove,node18,7624.095
380798371,remove,node19,4796.517
380940000,add,node18,7624.095
380940000,add,node19,4796.517
380940000,add,node25,3090.31
380940000,add,node26,1311.065
381075050,remove,node4,23864.428
381207231,remove,node11,22851.191
381421596,remove,node10,1792.818
381423124,remove,node18,7624.095
381660000,add,node4,23864.428
381660000,add,node10,1792.818
381660000,add,node11,22851.191
381660000,add,node18,7624.095
381660000,add,node27,1370.971
382140000,add,node28,2536.966
382140000,add,node29,3298.369
382140000,add,node30,607.381
382140000,add,node31,4562.841
382283685,remove,node25,3090.31
382543640,remove,node4,23864.428
383289364,remove,node3,18835.051
383820000,add,node3,18835.051
383883714,remove,node28,2536.966
383953833,remove,node29,3298.369
384002261,remove,node14,700.792
384177258,remove,node11,22851.191
384182153,remove,node26,1311.065
384386955,remove,node12,4796.696
384540000,add,node4,23864.428
384620870,remove,node31,4562.841
384720000,add,node11,22851.191
385080000,add,node12,4796.696
385118691,remove,node18,7624.095
385500000,add,node14,700.792
385500000,add,node18,7624.095
386100000,add,node25,3090.31
386100000,add,node26,1311.065
386100000,add,node28,2536.966
386171100,remove,node9,9096.66
386319645,remove,node24,9005.612
386393949,remove,node30,607.381
386416889,remove,node27,1370.971
386459259,remove,node6,5022.518
386624090,remove,node13,3580.937
386657641,remove,node15,3576.985
386683037,remove,node12,4796.696
387030043,remove,node5,25320.835
387041534,remove,node1,1733.172
387111321,remove,node14,700.792
387310290,remove,node33,4181.91
387360000,add,node1,1733.172
387362633,remove,node3,18835.051
387552215,remove,node32,4547.072
387705326,remove,node26,1311.065
388200000,add,node3,18835.051
388543879,remove,node16,11012.383
388680000,add,node5,25320.835
388901809,remove,node19,4796.517
389340000,add,node6,5022.518
389400000,add,node9,9096.66
389400000,add,node12,4796.696
389520000,add,node13,3580.937
389622244,remove,node7,5376.135
389640000,add,node7,5376.135
390166900,remove,node7,5376.135
390271298,remove,node21,3513.21
390582967,remove,node13,3580.937
390600737,remove,node8,903.753
391075352,remove,node11,22851.191
391103603,remove,node12,4796.696
391140000,add,node7,5376.135
391140000,add,node8,903.753
391213487,remove,node22,7843.297
391260000,add,node11,22851.191
391260000,add,node12,4796.696
391301068,remove,node5,25320.835
391320000,add,node5,25320.835
391320000,add,node13,3580.937
391552992,remove,node25,3090.31
391860000,add,node14,700.792
391920000,add,node15,3576.985
391920000,add,node16,11012.383
391980000,add,node19,4796.517
392100000,add,node21,3513.21
392155892,remove,node2,2047.338
392160000,add,node2,2047.338
392160000,add,node22,7843.297
392280000,add,node24,9005.612
392280000,add,node25,3090.31
392280000,add,node26,1311.065
392280000,add,node27,1370.971
392280000,add,node29,3298.369
392280000,add,node30,607.381
392280000,add,node31,4562.841
392280000,add,node32,4547.072
392340000,remove,node26,1311.065
392520000,add,node26,1311.065
392520000,add,node33,4181.91
392520000,add,node34,7101.499
392520000,add,node35,1357.901
392776824,remove,node10,1792.818
393041397,remove,node31,4562.841
393240000,add,node10,1792.818
393240000,add,node31,4562.841
393308255,remove,node35,1357.901
393566057,remove,node27,1370.971
393660000,add,node27,1370.971
393660000,add,node35,1357.901
393896025,remove,node28,2536.966
393967718,remove,node17,3317.419
394020000,add,node17,3317.419
394020000,add,node28,2536.966
394020000,add,node36,20401.606
394020000,add,node37,15778.265
394020000,add,node38,99.496
394020000,add,node39,533.613
394020000,add,node40,2583.302
394134863,remove,node15,3576.985
394520958,remove,node22,7843.297
394620000,add,node15,3576.985
394758187,remove,node36,20401.606
394902288,remove,node30,607.381
394904831,remove,node11,22851.191
394981367,remove,node17,3317.419
395178924,remove,node37,15778.265
395711766,remove,node1,1733.172
395861343,remove,node15,3576.985
395942993,remove,node20,1498.417
396016775,remove,node31,4562.841
396120000,add,node1,1733.172
396345148,remove,node19,4796.517
396360578,remove,node2,2047.338
396502731,remove,node4,23864.428
396653865,remove,node6,5022.518
396660620,remove,node33,4181.91
396788476,remove,node39,533.613
396840000,add,node2,2047.338
396845092,remove,node23,11372.165
397080000,add,node4,23864.428
397080000,add,node6,5022.518
397174903,remove,node29,3298.369
397188286,remove,node10,1792.818
397384305,remove,node35,1357.901
397640893,remove,node12,4796.696
397641016,remove,node5,25320.835
397800000,add,node5,25320.835
397936223,remove,node4,23864.428
398016429,remove,node18,7624.095
398100000,add,node4,23864.428
398100000,add,node10,1792.818
398100000,add,node11,22851.191
398287166,remove,node40,2583.302
398460000,add,node12,4796.696
398580000,add,node15,3576.985
399660000,add,node17,3317.419
399660000,add,node18,7624.095
399660000,add,node19,4796.517
399690944,remove,node38,99.496
399838567,remove,node28,2536.966
399857761,remove,node13,3580.937
399879571,remove,node12,4796.696
400053055,remove,node34,7101.499
400140000,add,node12,4796.696
400140000,add,node13,3580.937
400140000,add,node20,1498.417
400376071,remove,node7,5376.135
400380000,add,node7,5376.135
400380000,add,node22,7843.297
400463383,remove,node18,7624.095
400724957,remove,node2,2047.338
400920000,add,node2,2047.338
400980000,add,node18,7624.095
401264181,remove,node15,3576.985
401380535,remove,node9,9096.66
401578851,remove,node12,4796.696
402000000,add,node9,9096.66
402000000,add,node12,4796.696
402000000,add,node15,3576.985
402000000,add,node23,11372.165
402014350,remove,node16,11012.383
402259892,remove,node8,903.753
402300000,add,node8,903.753
402447800,remove,node1,1733.172
402480000,add,node1,1733.172
402480000,add,node16,11012.383
402654816,remove,node8,903.753
402900000,add,node8,903.753
402900000,add,node28,2536.966
402914080,remove,node23,11372.165
402960000,add,node23,11372.165
402960000,add,node29,3298.369
402960000,add,node30,607.381
403079557,remove,node32,4547.072
403459623,remove,node22,7843.297
403469068,remove,node27,1370.971
403589206,remove,node19,4796.517
403639900,remove,node29,3298.369
403680000,add,node19,4796.517
403680000,add,node22,7843.297
403954650,remove,node21,3513.21
404091725,remove,node30,607.381
404093139,remove,node20,1498.417
404248351,remove,node7,5376.135
404390241,remove,node4,23864.428
404401968,remove,node18,7624.095
404492806,remove,node11,22851.191
404580000,add,node4,23864.428
404580000,add,node7,5376.135
404659839,remove,node26,1311.065
404729287,remove,node17,3317.419
404760000,add,node11,22851.191
404820000,add,node17,3317.419
404820000,add,node18,7624.095
404873033,remove,node23,11372.165
404940000,add,node20,1498.417
405119294,remove,node13,3580.937
405120000,add,node13,3580.937
405298521,remove,node9,9096.66
405381439,remove,node17,3317.419
405480000,add,node9,9096.66
405493008,remove,node16,11012.383
405540000,add,node16,11012.383
405540000,add,node17,3317.419
405557201,remove,node25,3090.31
405722776,remove,node24,9005.612
405866071,remove,node17,3317.419
405975804,remove,node11,22851.191
406012775,remove,node14,700.792
406020000,add,node11,22851.191
406020000,add,node14,700.792
406020000,add,node17,3317.419
406020000,add,node21,3513.21
406199302,remove,node21,3513.21
406200000,add,node21,3513.21
406260896,remove,node1,1733.172
406337341,remove,node5,25320.835
406386958,remove,node11,22851.191
406425238,remove,node19,4796.517
406982461,remove,node28,2536.966
407157051,remove,node9,9096.66
408064301,remove,node15,3576.985
408120000,add,node1,1733.172
408217023,remove,node12,4796.696
408251473,remove,node22,7843.297
408513268,remove,node2,2047.338
409020000,add,node2,2047.338
409080000,add,node5,25320.835
409260000,add,node9,9096.66
409260000,add,node11,22851.191
409260000,add,node12,4796.696
409260000,add,node15,3576.985
409359358,remove,node1,1733.172
409380000,add,node1,1733.172
409380000,add,node19,4796.517
409380000,add,node22,7843.297
409484230,remove,node14,700.792
409501108,remove,node12,4796.696
409800000,add,node12,4796.696
409854638,remove,node3,18835.051
409888327,remove,node12,4796.696
409984326,remove,node10,1792.818
410208609,remove,node7,5376.135
410230964,remove,node13,3580.937
410340000,add,node3,18835.051
410534588,remove,node16,11012.383
410653309,remove,node17,3317.419
410808395,remove,node1,1733.172
410908320,remove,node4,23864.428
411300000,add,node1,1733.172
411300000,add,node4,23864.428
411480000,add,node7,5376.135
411840000,add,node10,1792.818
411840000,add,node12,4796.696
411840000,add,node13,3580.937
411960000,add,node14,700.792
411960000,add,node16,11012.383
411960000,add,node17,3317.419
412500000,add,node23,11372.165
412500000,add,node24,9005.612
412500000,add,node25,3090.31
413040000,add,node26,1311.065
413040000,add,node27,1370.971
413160962,remove,node5,25320.835
413340000,add,node5,25320.835
413340000,add,node28,2536.966
413460000,add,node29,3298.369
413460000,add,node30,607.381
413460000,add,node31,4562.841
413671475,remove,node21,3513.21
413808132,remove,node26,1311.065
414000000,add,node21,3513.21
414000000,add,node26,1311.065
414105815,remove,node27,1370.971
414370969,remove,node10,1792.818
414599043,remove,node8,903.753
415010662,remove,node28,2536.966
415256056,remove,node1,1733.172
415281873,remove,node11,22851.191
415397646,remove,node7,5376.135
415621054,remove,node14,700.792
415920000,add,node1,1733.172
415920000,add,node7,5376.135
415920000,add,node8,903.753
415920000,add,node10,1792.818
416100000,add,node11,22851.191
416160000,add,node14,700.792
416160000,add,node27,1370.971
416190744,remove,node29,3298.369
416221174,remove,node15,3576.985
416314509,remove,node24,9005.612
416353005,remove,node20,1498.417
416559631,remove,node13,3580.937
416580000,add,node13,3580.937
416580000,add,node15,3576.985
416580000,add,node20,1498.417
416625431,remove,node3,18835.051
416666313,remove,node22,7843.297
416689671,remove,node19,4796.517
416940000,add,node3,18835.051
416940000,add,node19,4796.517
417102496,remove,node26,1311.065
417175096,remove,node5,25320.835
417183107,remove,node31,4562.841
417340445,remove,node9,9096.66
417446234,remove,node1,1733.172
417447441,remove,node4,23864.428
417573662,remove,node16,11012.383
417646292,remove,node11,22851.191
417782629,remove,node6,5022.518
417840000,add,node1,1733.172
417840000,add,node4,23864.428
418043706,remove,node10,1792.818
419308708,remove,node21,3513.21
419432121,remove,node18,7624.095
419515691,remove,node3,18835.051
419697653,remove,node14,700.792
419751265,remove,node27,1370.971
419760000,add,node3,18835.051
419760000,add,node5,25320.835
419760000,add,node6,5022.518
419940000,add,node9,9096.66
419950662,remove,node2,2047.338
420000000,add,node2,2047.338
420000000,add,node10,1792.818
420324511,remove,node23,11372.165
420556819,remove,node4,23864.428
420660000,add,node4,23864.428
420660000,add,node11,22851.191
420689154,remove,node17,3317.419
420737491,remove,node2,2047.338
421199312,remove,node9,9096.66
421200000,add,node2,2047.338
421203095,remove,node10,1792.818
421449095,remove,node30,607.381
421653889,remove,node11,22851.191
421929707,remove,node2,2047.338
422881860,remove,node19,4796.517
422940000,add,node2,2047.338
423380618,remove,node25,3090.31
423415705,remove,node15,3576.985
423960000,add,node9,9096.66
424648679,remove,node8,903.753
424906789,remove,node12,4796.696
425340998,remove,node7,5376.135
425511390,remove,node4,23864.428
425700000,add,node4,23864.428
425700000,add,node7,5376.135
425700000,add,node8,903.753
425940000,add,node10,1792.818
425940000,add,node11,22851.191
426057115,remove,node1,1733.172
426060000,add,node1,1733.172
426060000,add,node12,4796.696
426060000,add,node14,700.792
426060000,add,node15,3576.985
426180000,add,node16,11012.383
426240000,add,node17,3317.419
426660000,add,node18,7624.095
426660000,add,node19,4796.517
426660000,add,node21,3513.21
426660000,add,node22,7843.297
426660000,add,node23,11372.165
426660000,add,node24,9005.612
426660000,add,node25,3090.31
426660000,add,node26,1311.065
426660000,add,node27,1370.971
426676336,remove,node12,4796.696
426840000,add,node12,4796.696
426840000,add,node28,2536.966
426840000,add,node29,3298.369
426992496,remove,node28,2536.966
427260000,add,node28,2536.966
427260000,add,node30,607.381
427423559,remove,node14,700.792
427440887,remove,node3,18835.051
427494717,remove,node5,25320.835
427541792,remove,node10,1792.818
427921971,remove,node19,4796.517
428027739,remove,node2,2047.338
428073518,remove,node15,3576.985
428142664,remove,node6,5022.518
428220000,add,node2,2047.338
428871250,remove,node28,2536.966
428912069,remove,node17,3317.419
428940000,add,node3,18835.051
429000000,add,node5,25320.835
429115054,remove,node7,5376.135
429420000,add,node6,5022.518
429600000,add,node7,5376.135
429656031,remove,node20,1498.417
429784059,remove,node22,7843.297
429911516,remove,node7,5376.135
429960000,add,node7,5376.135
430034446,remove,node30,607.381
430140000,add,node10,1792.818
430143923,remove,node24,9005.612
430473253,remove,node3,18835.051
430680000,add,node3,18835.051
430680000,add,node14,700.792
430680000,add,node15,3576.985
430740000,add,node17,3317.419
430844645,remove,node7,5376.135
430971258,remove,node6,5022.518
431510816,remove,node8,903.753
431580000,add,node6,5022.518
431580000,add,node7,5376.135
431580000,add,node8,903.753
431580000,add,node19,4796.517
431580000,add,node20,1498.417
431587406,remove,node1,1733.172
431640000,add,node1,1733.172
431820000,add,node22,7843.297
431873450,remove,node5,25320.835
432029797,remove,node12,4796.696
432360000,add,node5,25320.835
432420000,add,node12,4796.696
432420000,add,node24,9005.612
432529240,remove,node3,18835.051
432695556,remove,node12,4796.696
432724904,remove,node15,3576.985
432734053,remove,node13,3580.937
432848361,remove,node4,23864.428
432888256,remove,node25,3090.31
433714962,remove,node7,5376.135
433736453,remove,node19,4796.517
433847401,remove,node24,9005.612
434277112,remove,node16,11012.383
434314425,remove,node9,9096.66
435057542,remove,node2,2047.338
435235864,remove,node26,1311.065
435339872,remove,node27,1370.971
436194603,remove,node20,1498.417
436325442,remove,node10,1792.818
436820611,remove,node23,11372.165
437151323,remove,node14,700.792
437601585,remove,node5,25320.835
438032660,remove,node18,7624.095
438436080,remove,node11,22851.191
439298087,remove,node21,3513.21
440239518,remove,node17,3317.419
441631371,remove,node8,903.753
443238346,remove,node6,5022.518
443576097,remove,node22,7843.297
444229842,remove,node1,1733.172
450671911,remove,node29,3298.369
